Respondent,Fit (RLH),Brand1,Brand2,Brand3,Brand4,Brand5,Brand6,Brand7,Brand8,P1,P2,P3,P4,P5
1,0.3746196538,-1.0800652849,-0.1871814045,1.1251131697,0.3827830421,-0.0044202719,-0.1585265222,-1.7343704000,1.6566676717,0.3261906097,0.3189196083,0.1291741944,-0.5104918182,-0.2637925941
2,0.4288687565,-0.2492434581,-0.6280594338,0.6706139931,0.6786841403,0.5909647822,-0.2763034732,-1.9069705141,1.1203139637,0.9151710327,0.8959686256,-0.2413510770,-0.0016846446,-1.5681039366
3,0.3590553527,-0.9057329566,-0.2180309416,0.4916628725,0.6828418693,0.6129790516,0.3393344602,-1.8658023026,0.8627479472,0.8006665939,0.6297805726,-0.1605184203,0.1782119532,-1.4481406994
4,0.4116129769,-0.6333565701,-0.7934598511,0.8871634134,0.3504730438,0.4015050532,0.9256965612,-1.8696436799,0.7316220295,1.3268224038,0.5251355026,-0.1599107378,-0.4371875114,-1.2548596572
5,0.3078400946,-1.0506278949,-0.3582430968,0.8113755068,0.2252715443,0.7079615437,0.8230859566,-1.8392976039,0.6804740442,0.4993272759,0.7017467743,-0.0270379316,-0.4658401020,-0.7081960166
6,0.3633897774,-0.5985158865,0.0817698986,0.2494399581,0.7000713242,0.2500342432,0.0367023454,-1.7889311968,1.0694293139,0.6410548856,0.8006104636,0.4991148310,-0.4929794028,-1.4478007773
7,0.4677790648,-1.0612190103,0.3181035601,0.6354898051,0.0494066984,0.8252242224,-0.1337471231,-1.2556207905,0.6223626379,1.6010679269,0.3978147676,-0.1226962313,-0.4109105137,-1.4652759495
8,0.3412879748,-0.5842956773,-0.5838878333,0.6066938295,0.4776716284,0.5288834848,0.0720691497,-1.9786219670,1.4614873852,0.8413295659,0.4002723769,0.1992621715,-0.2119835496,-1.2288805647
9,0.3949316572,-0.9973820126,-0.3706708105,1.0847055463,0.4302555671,0.6680958468,0.3495261202,-1.8799374928,0.7154072355,0.8856030999,0.2192446025,0.6449746209,-0.1712300613,-1.5785922621
10,0.2997383865,-0.7640790889,-0.1032577957,0.6031381712,-0.0715024487,0.6139625962,-0.4547681409,-0.7869567196,0.9634634263,0.9407710330,0.5403701119,0.0419886899,0.0407977821,-1.5639276170
11,0.3911516615,-1.1348065015,-0.6656343381,0.6665733100,0.9380743353,0.3523877665,0.8017634955,-1.9894758432,1.0311177755,0.9136107267,0.3448020405,0.3738881366,-0.7569665017,-0.8753344021
12,0.2856324764,-0.1643757512,-0.3051463959,0.7258987261,0.3063162006,0.3443525661,0.4644569694,-1.8895736212,0.5180713059,0.7509080424,0.4459102221,0.1513697924,0.1729700436,-1.5211581005
13,0.3861765321,-0.5274706332,-0.5482024775,0.7975018805,0.7675501031,0.2119590475,0.0637645733,-2.0323699434,1.2672674498,1.2394299740,0.0164535228,0.4857134305,-0.4824546558,-1.2591422715
14,0.4167519374,-0.6410144190,-0.0218044802,0.5825834560,1.0203298594,0.5433513139,-0.4100278082,-1.7739016819,0.7004837601,1.2078123680,0.7019591347,0.2613759084,-0.4129857194,-1.7581616918
15,0.3423099943,-0.6435156994,0.0735952084,0.3135455549,0.4771414155,0.3664950015,0.4447436797,-1.9308768623,0.8988717017,0.9477107027,0.6549249716,-0.1286725454,0.0922007177,-1.5661638465
16,0.3679779609,-1.2653943333,-0.0194338676,0.8765854790,0.8103965299,-0.1181214600,-0.5075998298,-1.1114336536,1.3350011353,1.0764418745,0.1551455843,0.5234407459,-0.4296326366,-1.3253955680
17,0.3882390482,-0.2298795727,-0.1227055416,0.5252034569,-0.0412189673,0.8951569438,-0.3769177836,-1.7125268885,1.0628883530,0.8082879927,0.6774425071,-0.1649260703,0.1898699483,-1.5106743779
18,0.3757239699,-0.9440338436,-0.6532854728,0.4784770334,0.9320322432,0.0412944792,0.7011882565,-1.8241737011,1.2685010052,0.5335188689,0.4505520494,0.2056194250,0.0233671490,-1.2130574922
19,0.3546559602,-0.9609230877,-0.2970144656,0.8731090474,0.8071391397,-0.2209688431,0.5346321151,-1.8574589155,1.1214850097,0.6621898095,0.3359916084,0.5995221729,-0.1965867129,-1.4011168779
20,0.3987718963,-1.1476946705,-0.3774135158,0.8725652964,1.0958181591,-0.1397966714,-0.0058505391,-1.2478755483,0.9502474895,1.1685746488,0.7774133650,0.3025299477,-0.8377273997,-1.4107905617
21,0.2607664236,-0.2733343220,-0.2191186223,0.5742474247,0.1295036481,0.6817943552,0.7645434882,-1.9159722878,0.2583363159,0.7339914606,0.2929027057,-0.5424958244,-0.0578069315,-0.4265914104
22,0.4382901203,-0.6195912672,-0.6345909598,0.9057556057,0.1357335647,0.5582834197,-0.2516219834,-1.9215128309,1.8275444512,0.3930318825,0.5959827443,0.2856732064,-0.3479964911,-0.9266913421
23,0.2599839543,-0.5411611160,0.1059366883,0.4894810933,0.5848905691,0.9201009974,0.0180908978,-1.8786106943,0.3012715644,0.7635369495,0.3687474241,0.0942841768,-0.4162127167,-0.8103558338
24,0.3457913659,0.2006399328,-0.2115726695,0.3027582090,0.2800812534,0.1922951536,0.0005784326,-1.9951947901,1.2304144782,0.9402823589,0.1361041690,0.3779194924,0.1777167092,-1.6320227295
25,0.3468666253,-0.5530742139,-0.6680580509,0.8901907725,0.0597259111,0.5627306098,0.3637568041,-1.1511451570,0.4958733243,0.4140012924,0.9120161461,-0.3687636795,0.4777923548,-1.4350461138
26,0.2894397627,-0.5035283812,-0.3962435294,0.5592103721,0.8590704393,0.0492447650,0.4366156735,-1.9235723615,0.9192030223,0.8729545768,0.5370515228,-0.0573657110,-0.1608686243,-1.1917717643
27,0.2907825393,-0.2801331457,0.1009953704,0.6490718099,0.4443256129,0.2410164841,-0.0594251802,-1.8174820569,0.7216311056,0.7798336449,0.8083509147,0.2831814286,-0.6453941705,-1.2259718177
28,0.3708425187,-1.0430508624,-0.6619820235,0.8239801954,0.4713311789,0.5707773575,0.7858307411,-1.9220139947,0.9751274077,0.8789288335,0.3035730855,0.2870123458,-0.7542801641,-0.7152341007
29,0.3392482362,-0.6846733211,-0.5953449263,0.7558813123,0.9446347845,0.5806373296,0.1665530215,-1.8729386754,0.7052504749,0.4953304424,0.8751091057,0.2594976499,-0.1070120405,-1.5229251574
30,0.2599789422,-0.2713114239,-0.3397726122,0.9115118537,0.3229757456,0.2759498394,-0.1743087993,-1.3154768093,0.5904322060,0.8117907683,0.6703113427,0.3085772089,-0.1251697985,-1.6655095214
31,0.3109842613,-1.0444618098,-0.1632702646,0.7996870848,0.4045450758,0.8955983075,-0.4665608883,-1.1956169411,0.7700794359,0.4568995805,0.7001290087,0.2993223525,-0.1671627043,-1.2891882374
32,0.3642812510,-1.1825068374,-0.1076408792,0.8384071016,-0.0155955974,0.7144147554,-0.1946096403,-1.2215354088,1.1690665062,1.0543107659,0.6908873210,-0.2832706727,-0.4380741796,-1.0238532346
33,0.3000963031,-1.0576481689,-0.0226125889,0.7190749207,0.2375567147,0.3586258912,-0.0092936593,-1.1390368823,0.9133337728,0.8251995284,0.8940940377,0.1219135747,-0.6822867546,-1.1589203862
34,0.2332323669,-0.6681048634,0.4583925718,0.4818213095,0.1640552710,0.0027021745,0.1524961484,-1.1751324809,0.5837698690,0.7083838591,0.6246708638,-0.1637101232,-0.0759268007,-1.0934177990
35,0.3248826778,-1.0191520056,0.1488553526,0.7777475098,0.3058677706,0.1993729856,-0.0972781703,-1.1922674297,0.8768539870,0.6925143585,1.0719554902,-0.5036395427,-0.1126464643,-1.1481838417
36,0.4159183429,-1.0085093654,0.0062044124,1.1809888852,-0.0159643181,1.2625633029,-0.3896049462,-1.8482544596,0.8125764889,0.3345560400,0.2233277423,-0.0857558468,0.3888020254,-0.8609299609
37,0.2929123230,-0.8569111307,0.1460559734,0.5802695568,0.5001026603,0.5610905902,0.0166967699,-1.9171995739,0.9698951541,1.0361936272,0.3634631939,0.2252626081,-0.6874288648,-0.9374905644
38,0.3452138494,-0.2159209211,-0.7368827322,0.9889303474,0.6855475186,0.3902598724,-0.0012404730,-2.0963701940,0.9856765820,1.2814632476,0.0571097295,0.1100397661,-0.4424434792,-1.0061692639
39,0.3341871401,-0.6475799129,-0.7366365516,1.4650700650,0.2967415445,-0.0034620466,0.2413837076,-1.2023846094,0.5868678033,1.0986015397,0.4776902334,0.0890287349,-0.4291821111,-1.2361383969
40,0.4472653357,-0.5885615834,-0.6448341193,1.2137367371,0.5742601407,0.5406198764,-0.3057654591,-1.8625564474,1.0731008550,0.7307345579,0.5145825224,0.7890445379,-0.3135517889,-1.7208098294
41,0.3623110268,-1.0408346108,-0.1710899791,0.6130248842,0.5263010775,0.9104104712,-0.4802884450,-1.2554671649,0.8979437669,0.8742453581,0.7855564917,-0.1123657699,-0.0011768888,-1.5462591912
42,0.3383068132,-1.0179854421,-0.6660428704,0.5408751311,0.6109128381,0.8701076861,0.9961390625,-1.9541162795,0.6201098741,0.3131330389,0.7211277699,-0.0810109924,-0.1375166056,-0.8157332109
43,0.2970139740,-0.7087911785,-0.6255768130,0.7416378506,0.3524269930,0.4497239357,-0.0166691369,-0.7517846672,0.5590330164,0.4184850153,0.9788329457,0.5437336348,-0.3753741293,-1.5656774665
44,0.3717679853,-1.1240076054,-0.1676328564,0.8832165428,0.0241000867,1.2350024314,0.4068567480,-1.8640536106,0.6065182636,0.8588758841,0.5385150208,-0.0344098310,-0.4252190918,-0.9377619821
45,0.3573906432,-1.0915597021,-0.0450730069,1.0573065317,0.4069726826,0.6266783992,-0.3999779211,-1.8082127485,1.2538657651,0.7570879529,0.3193506541,-0.1207798039,-0.4495423210,-0.5061164821
46,0.3068681610,-1.1944479545,0.5274207519,0.2941972435,0.4648456474,-0.0329242711,-0.4656368482,-1.0152603964,1.4218058273,0.4314196010,0.3546992528,-0.1520975614,-0.1888948005,-0.4451264920
47,0.2661375052,-0.6385104390,-0.1730069523,1.0545466435,0.1371462710,0.4712437002,-0.4250744502,-1.1367004360,0.7103556629,0.8483916954,0.6860936426,-0.0281121972,-0.3724225526,-1.1339505882
48,0.4270813831,-0.6163882167,0.2613624326,0.9307833833,0.7042612794,-0.0635048684,-0.4988491792,-1.7415196405,1.0238548095,1.1320144417,0.3493553103,0.5489689530,-0.3533761310,-1.6769625741
49,0.3723453693,-0.6330942747,-0.6593957609,0.9010397117,0.6438668376,0.3690008142,0.1256075156,-1.8677056860,1.1206808425,0.9245453194,0.8094314998,-0.0898368791,-0.5039572394,-1.1401827007
50,0.3902512503,-0.5609764106,-0.4083577422,0.5788601944,0.0120852584,0.9524395655,0.8124670904,-1.8836894132,0.4971714572,1.2233238611,0.2051460677,-0.4658512681,0.1181112505,-1.0807299111
51,0.3060028933,-0.7725948213,-0.2786422540,0.6341279535,0.9204763504,0.3091342584,-0.1290589029,-0.9306207117,0.2471781276,1.3311234400,0.4996588991,0.0312062538,-0.0932166597,-1.7687719332
52,0.4441187156,-0.6264942376,-0.6206054419,1.0056492866,0.7443481102,-0.0510852337,0.1088609908,-1.6969559512,1.1362824767,0.9230891805,0.9382384309,0.2623685600,-0.7059462556,-1.4177499157
53,0.3028841602,-1.1627220405,-0.1539924025,0.7048970536,0.6096545110,0.8181360303,-0.3426578032,-1.0930250214,0.6197096727,1.0388208535,0.5132110173,-0.2556014503,-0.4104767264,-0.8859536941
54,0.3982583068,-0.8379138999,-0.7368231758,0.9180468937,0.4926180997,0.2359652442,0.3110419132,-0.9366480641,0.5537129891,1.6898418456,0.4688084478,0.0709880835,-0.5261280565,-1.7035103204
55,0.4553261878,-0.5222828344,-0.1567491165,0.7674522270,-0.0097203856,0.8550487650,-0.3293639291,-1.8124522941,1.2080675679,0.8658925615,0.8532707843,0.1534484283,-0.4185878814,-1.4540238927
56,0.2860633621,-0.3435415828,-0.3624526747,0.5809068158,1.0335682744,-0.0660488722,0.0806443213,-1.7778299305,0.8547536486,0.9286051623,0.6131429896,-0.0399618836,-0.5703466734,-0.9314395949
57,0.4610951243,-1.0341861290,-0.7247056086,1.0772990873,0.5039787698,-0.0694947903,0.3256668365,-1.3051836111,1.2266254454,0.9847926385,0.5596564700,0.7290395157,-0.5438155645,-1.7296730597
58,0.3235070303,-0.1335967192,-0.3429971456,0.9519340231,-0.0612529708,0.3773910620,0.7273278181,-1.7762857502,0.2574796826,0.5149880943,0.8924562275,0.0038855492,-0.6493885552,-0.7619413158
59,0.3024165696,-1.0790025472,-0.1370561423,0.7554131538,0.7333172764,-0.0171870695,-0.0393513494,-1.1237826012,0.9076492793,0.6247959912,0.8677378720,0.1180822664,-0.3915338623,-1.2190822673
60,0.5327218488,-0.9722435383,-0.5626394672,1.1522880367,0.9719812333,0.2976852106,-0.0034255558,-1.7622854562,0.8786395369,1.3715083899,0.4263662446,0.2145947596,-0.4005558895,-1.6119135045
61,0.4117143752,-0.5094789311,-0.2977261815,0.8200187589,0.4029782962,0.7430955907,0.0789721654,-1.9081978992,0.6703382006,1.1101770519,0.3439653452,0.6851958380,-0.5924815503,-1.5468566847
62,0.3063709132,-0.5155289508,-0.6615392830,0.5022880144,0.2748285664,0.6639840016,0.8785937065,-2.0100207841,0.8673947290,0.9635850366,0.2107509961,-0.2034868982,-0.1696434319,-0.8012057026
63,0.4208986530,-0.7055818082,-0.3151974721,1.3850320065,0.8451503755,0.0567192021,-0.3231707514,-1.8464854704,0.9035339180,1.2733474142,0.2184080746,0.1320913018,-0.2632184053,-1.3606283853
64,0.3588771704,-0.9759976887,-0.1165097000,1.0815881528,0.6083200507,0.9552097788,-0.3992457719,-1.8266862624,0.6733214408,0.6334304688,0.1215882311,0.3950532075,0.1342330038,-1.2843049112
65,0.3665152414,-1.1687304228,-0.4219800877,0.8712862530,0.2398129423,0.8350410469,-0.3826956271,-1.1010273222,1.1282932177,0.5574576466,0.8345071103,0.1146554031,-0.3652718600,-1.1413483001
66,0.4448873077,-0.1683197472,-0.5627132989,0.6627282660,0.0160521335,0.8844331049,0.0376311361,-1.9489548328,1.0791432385,1.2977209476,0.3671324796,-0.0880993515,-0.0907699048,-1.4859841710
67,0.4575274202,0.0666199369,-0.7910698052,0.8449213132,0.6338162104,0.0442374262,0.8143882797,-1.9940874074,0.3811740461,1.2873731354,0.6589025215,0.2169680467,-0.3988284353,-1.7644152682
68,0.4149151594,-0.9890800761,0.1127434642,1.4592089957,0.3407098202,0.6068455786,-0.4405394976,-1.7532400384,0.6633517535,0.8492329267,0.6816551399,-0.1610756493,-0.0369376771,-1.3328747402
69,0.3275225249,-0.5374796575,-0.6352035371,0.7771299498,0.0286859456,0.6400869546,0.4241158861,-1.9346543183,1.2373187769,0.8819890334,0.3195915494,0.0044093591,-0.1036763106,-1.1023136313
70,0.5128238384,-1.0240818469,-0.7144176865,0.9102930763,0.1428719874,0.2715964721,0.5677848059,-1.2191012264,1.0650544180,1.3626546540,0.7508223635,-0.0212788625,-0.6037031297,-1.4884950253
71,0.2756151266,-0.6342374453,-0.2350553835,1.0483133734,-0.1749897420,0.4822671357,0.1709546997,-1.2369409276,0.5796882897,0.5799300329,0.9724158802,-0.3340579679,-0.4146554539,-0.8036324913
72,0.4958582570,-0.8857107363,-0.2460564289,0.2778081630,1.2041994207,0.4912293209,0.1498930919,-1.8564117870,0.8650489557,1.1137908632,0.8313215470,-0.0623862824,-0.3608913242,-1.5218348035
73,0.3764652376,-0.9910227504,-0.5104625802,1.2871998404,0.3532184282,0.2580494260,0.2511917130,-1.2006544282,0.5524803512,0.7622609858,0.6692263281,-0.0891654544,0.2567145427,-1.5990364023
74,0.3425540321,-1.0396917953,-0.2440859456,0.8446876658,0.6713419494,0.6790518629,0.0549567214,-1.8655433564,0.8992828976,0.9528904247,0.0677143561,-0.0587175661,0.2941841673,-1.2560713820
75,0.3915317727,-1.1006538045,-0.5391875043,0.5472214946,0.8332878315,0.6133154745,-0.0570045687,-1.5024444127,1.2054654895,1.2687064338,0.2939605199,0.3053262478,-0.5656813737,-1.3023118278
76,0.3044354666,-0.7213858773,0.0925658401,0.6802569464,0.5502829394,0.2408085277,-0.5153864781,-1.2444784653,0.9173365671,1.2847658730,0.2847667548,0.3674441888,-0.7085049538,-1.2284718627
77,0.4525116094,-1.1620918435,-0.0701752950,1.0390530226,0.0737169360,0.9050303743,-0.5483731771,-1.8310411798,1.5938811624,0.3751002600,0.6655714180,-0.0061973795,-0.2782137465,-0.7562605520
78,0.3034589528,-0.6242473376,-0.1737210481,1.0242403496,0.4449998211,0.2173395647,-0.0699420587,-1.8703608605,1.0516915696,0.7284831072,0.5159901578,0.3703375705,-0.2845463211,-1.3302645144
79,0.4290361771,-1.1455529953,0.0765253373,1.0185649686,0.4300927711,0.7585675987,-0.1255504899,-1.7383013502,0.7256541597,1.1829402814,0.3097242363,0.4204557834,-0.2873337653,-1.6257865358
80,0.2563571441,-0.5994329887,-0.1821861251,0.4851603415,0.5454535244,0.3236362091,0.4161826353,-1.8782618270,0.8894482305,0.2227001598,0.6068334711,0.1034504323,0.1406965006,-1.0736805638
81,0.3671322578,-1.0568959532,-0.6560896293,0.8440001439,0.9281545412,0.2990102395,0.4661146585,-1.8596013996,1.0353073989,0.8328667828,0.5961011881,0.1033500664,-0.7115209554,-0.8207970820
82,0.3230554870,-1.2225649192,-0.3073817421,0.5925127015,0.3600255847,0.4312139592,0.5566319619,-1.3386002283,0.9281626823,1.3036970046,0.2221995623,0.0782627710,-0.7111811807,-0.8929781572
83,0.3685873138,-1.0792555693,0.2871206017,1.0814579396,-0.0011231991,0.0794267064,-0.2941371788,-1.1456939611,1.0722046606,1.2637220569,0.3893316489,-0.1852966001,-0.1689816793,-1.2987754264
84,0.2823282846,-0.5816876599,0.5838481147,0.4596641553,0.6338979270,-0.0376454425,-0.1905149725,-1.7707179243,0.9031558022,0.5266872168,0.4017349981,0.2143638463,0.0814764561,-1.2242625173
85,0.4731490060,-0.5710239610,-0.6514065324,1.2161408178,0.3870344232,0.1268113932,0.0019644940,-1.8547231161,1.3452024812,1.0680789869,0.5526111108,0.2456889950,-0.2340916263,-1.6322874664
86,0.3576518621,-1.0665867820,-0.2871556193,0.6280116948,1.3345730243,0.3768907078,0.0338852376,-1.9698724979,0.9502542347,0.7177820664,0.6102279843,0.0319741012,-0.4603521386,-0.8996320133
87,0.3998354658,-0.6509702595,-0.0976166626,0.4886532970,1.3353884896,-0.0353802550,-0.4012410014,-1.9029767611,1.2641431530,0.9156399957,0.0518691966,0.4410051735,-0.1294556351,-1.2790587307
88,0.4459779496,-0.7310385900,-0.7249395526,0.7525589227,0.7104057844,0.6531647587,0.2382431069,-1.9390422621,1.0406478320,1.3526672529,0.7192978797,-0.3244552298,-0.4899460834,-1.2575638194
89,0.3093195334,-1.0950257813,0.1566123388,0.8356249738,0.2584112275,0.1370247578,0.1472299565,-1.0749227523,0.6350452793,0.3671383493,0.9000469335,0.3886792500,-0.0878923241,-1.5679722087
90,0.4204896641,-1.0488724548,-0.6005315940,0.8663179658,0.4927938702,0.7677502466,0.0169812672,-1.8942996883,1.3998603872,0.7425847248,0.7160163355,0.0610762537,-0.2655468960,-1.2541304181
91,0.4546716031,-1.0201513173,-0.2514278818,0.8813267795,0.5968317718,0.5826891744,0.0207624752,-1.7120016488,0.9019706471,1.3817772630,0.4546473564,0.1427012029,-0.3762949025,-1.6028309200
92,0.2577315980,-0.9528882413,0.0770477673,0.4428663058,0.9712487332,0.3913859910,0.2890681970,-1.8499204514,0.6311916985,0.5174643514,0.3972174993,0.0870219345,-0.1830186405,-0.8186851447
93,0.3653146864,-0.5539387561,-0.0968411974,0.7565339340,0.4536066092,0.2957817825,0.2800764488,-1.8050307365,0.6698119155,1.1273700918,0.6213119801,0.4391873465,-0.5936299242,-1.5942394942
94,0.3795374687,-1.0158676334,-0.3845815076,0.8204553641,0.3404312575,0.6956400324,0.0396823238,-0.7434126990,0.2476528623,1.3675162187,0.7688850886,-0.1579616938,-0.4313677520,-1.5470718615
95,0.4278891752,-0.9788263018,-0.3724470524,1.1976611057,0.0770030933,0.8351076513,-0.0212185728,-1.8018865330,1.0646066096,0.9550778379,0.7885472033,-0.2335189049,-0.3641404160,-1.1459657202
96,0.3156810943,-0.6291287406,0.0070327913,0.7476091564,0.0673121308,0.0734598816,0.4071583017,-1.8354091529,1.1619656318,0.7006163433,0.7034499544,-0.1559209751,-0.1331946952,-1.1149506274
97,0.3694211700,-0.6703426141,-0.6819991885,1.1189849088,0.0007430628,0.3089711833,0.6925982434,-1.1871165255,0.4181609297,0.8865075220,0.9329162960,0.1601982605,-0.3761581216,-1.6034639569
98,0.3928633151,-1.1291218829,-0.6046297323,0.8765216132,0.2799238689,-0.0159368911,0.6008094050,-1.2218478685,1.2142814878,1.0765124845,0.6076883411,0.1610494036,-0.6673390312,-1.1779111981
99,0.3169955679,-1.0270846791,-0.2912695461,0.7356868437,0.9979054378,0.3949599632,0.3756398766,-1.8535080807,0.6676701847,0.9182864944,0.3725077406,0.4055993375,-0.4610964444,-1.2352971282
100,0.5651427129,-0.8897321194,-0.7088509557,0.8029170587,0.5718310941,-0.0580014149,0.6690517023,-1.8436309208,1.4564155555,1.0920144030,0.7583605125,0.2113394783,-0.5320926161,-1.5296217776
101,0.3870381548,-0.5358626663,-0.4349708603,0.5542588131,0.5069992265,0.4398360466,1.1024290302,-1.9662737034,0.3335841136,1.0131498967,0.2420014513,0.3889157870,-0.0463962508,-1.5976708841
102,0.4278068469,-0.6570050373,-0.5720510778,0.8616963633,0.4510248537,0.0243589278,0.4189635010,-1.9268769235,1.3998893928,1.1321124974,0.7402517941,-0.1351397721,-0.4024627983,-1.3347617210
103,0.3345966650,-0.4836845304,-0.1589886168,1.2788569883,-0.0281568773,0.5525477272,-0.3173433548,-1.7749772544,0.9317459181,0.7625517980,0.4039953940,-0.2442523280,-0.1142857509,-0.8080091130
104,0.5083226775,-1.0383721445,-0.6178621676,0.7190629789,1.0008573931,0.5334068119,-0.2874699363,-1.8437956481,1.5341727126,0.7968250240,0.8875288637,0.1978923012,-0.5484283502,-1.3338178387
105,0.3797916493,-0.9356268228,0.0689719185,1.0674611668,0.0735765855,0.6795338557,0.2698917502,-1.7959504649,0.5721420110,0.7721855938,0.2137987401,0.3112301513,0.2251311577,-1.5223456430
106,0.3397927039,-0.6511553865,-0.3162359610,0.8935044541,0.0882770689,0.8377813065,-0.0299947749,-1.8470133667,1.0248366594,0.9138302538,-0.0652263936,0.6394918991,-0.1930268308,-1.2950689285
107,0.3214419931,-1.1544068473,-0.5808317932,0.7869062879,0.8498045230,0.3528998482,0.0535734361,-1.1833144868,0.8753690320,0.8152432987,0.9301849420,-0.2927067425,-0.4331866407,-1.0195348575
108,0.4152899148,-1.0317483972,0.1374356130,0.3260341786,0.3037552714,1.0742391109,0.0803468833,-1.7140437433,0.8239810833,0.7858747444,0.7111081840,-0.2246112290,0.1462061392,-1.4185778386
109,0.3969789477,-0.6538201170,-0.5868300179,0.7077804020,0.8024419952,0.6104127503,0.0407596086,-2.0693410512,1.1485964300,1.2473893930,0.1884353499,0.5067799673,-0.4683724461,-1.4742322641
110,0.3827201342,-1.0280414380,-0.5532548826,0.9144517554,1.0695120595,0.2724571835,0.4593177755,-1.9661215713,0.8316791180,0.7205090823,0.4854646382,0.4455733519,-0.1408526801,-1.5106943924
111,0.4854905737,-0.7427956213,-0.6327815122,0.7044884227,0.7215516629,0.2621268761,0.1295009514,-1.9786848612,1.5365940815,1.1441596084,0.4091463567,0.4044262121,-0.3468658824,-1.6108662948
112,0.4054414510,-1.1610114095,-0.6526495372,0.6131076887,0.9528439143,-0.0688410759,0.2546572430,-1.4022219439,1.4641151204,0.9073115480,0.0608107443,0.7896050741,-0.4354377819,-1.3222895846
113,0.3789462908,-0.9079490201,-0.3302537952,0.7730168001,0.3464096142,0.3821830201,1.0725732788,-1.8674013575,0.5314214596,0.6027871345,0.4654543710,0.0468816098,0.3208535222,-1.4359766374
114,0.4809911008,-0.5235878044,-0.6670784354,0.5701052527,0.7787548878,0.2978834998,0.3029792085,-1.9215671317,1.1625105228,0.2414418803,0.9369869035,0.9035168480,-0.4786519821,-1.6032936496
115,0.4151209847,-1.1093056619,-0.2709962196,0.9020464210,-0.0189755500,0.4118610988,-0.1360802935,-1.0336590155,1.2551092207,0.9307609305,0.9642521590,0.0527869409,-0.4219019893,-1.5258980411
116,0.2766162170,-0.3589586960,-0.2765977972,0.8463887855,0.3057329224,-0.0078468649,-0.1126592526,-1.2046543098,0.8085952127,0.9834517002,0.8337527735,-0.4124373903,-0.2206907536,-1.1840763298
117,0.2885607354,-0.6404562330,-0.2127502341,0.8480933087,0.2903365099,0.5782867509,-0.0206697979,-1.7644117942,0.9215714897,0.5402035802,0.8276694977,-0.1066712377,-0.1230900511,-1.1381117892
118,0.2974485676,-1.0173255023,-0.1759046094,0.7931727193,0.6597074052,0.3411687721,0.3610432978,-1.9232156971,0.9613536144,0.4785757992,0.7630436657,-0.2214243880,-0.1968256566,-0.8233694204
119,0.3877124348,-1.2061710435,-0.5637550243,0.9369227175,0.6756434958,0.3174906048,-0.0799169001,-1.3169262562,1.2367124062,1.1244393710,0.1651591571,0.5187608353,-0.1498110125,-1.6585483509
120,0.3789848113,-0.6443383026,0.0780747970,0.6121859148,0.6730461905,0.5636478795,-0.4257213239,-1.9072518173,1.0503566619,1.1188320151,0.3768831117,0.0032558282,0.0808260077,-1.5797969626
121,0.4791378955,-1.0291919065,-0.3209672388,1.0463490728,0.2147827115,0.0053195420,0.0083978512,-1.0977092442,1.1730192119,0.4252146136,1.3556063498,0.1971925198,-0.4431317386,-1.5348817446
122,0.4296319501,-0.6855266879,-0.3307720710,0.5897690094,0.5301204050,0.4620001053,0.0541283061,-1.9315003401,1.3117812732,1.4485260942,-0.0528143956,0.1884858411,-0.3908265207,-1.1933710190
123,0.3307471372,-0.6912277858,-0.4243494856,0.6271294440,0.4183690598,0.4596334763,0.0779795877,-1.4536557809,0.9861214845,1.5891074241,0.2691033650,-0.1176943164,-0.4984932489,-1.2420232238
124,0.3615548020,-0.1843601940,-0.6188749399,0.6336368735,0.9562329159,0.2917696665,-0.0256685433,-2.0330452323,0.9803094537,1.0534117378,0.3708698532,0.2900431738,-0.1018928290,-1.6124319358
125,0.3026139566,-0.6540158345,-0.1830651055,0.8975837556,0.8474579410,0.3000690411,-0.3550690750,-1.8750189499,1.0220582272,0.6926027893,0.0590853772,0.3836925657,0.0786638271,-1.2140445594
126,0.4257515573,-1.0218570455,-0.1728988535,0.8060611941,0.2368799813,0.6050738446,-0.0896789017,-1.8574039029,1.4938236836,0.7006177439,0.6212268325,0.4141585175,-0.5433411898,-1.1926619041
127,0.2976134845,-0.2843740249,-0.2538007063,0.7407201027,0.7352514712,0.2278540555,-0.4415752678,-1.2977788680,0.5737032375,1.1488443791,0.4515704374,0.4562400087,-0.3731977917,-1.6834570335
128,0.3049681814,-1.1451459272,-0.2982682958,0.9054572938,0.2878213830,0.6838811806,-0.1721573539,-1.1429882595,0.8813999790,0.8832878733,0.5408759958,0.0571679425,0.0618344797,-1.5431662913
129,0.3980522232,-0.2022273369,-0.2581788635,0.8118467761,0.5758614893,0.3244870153,-0.3293957403,-1.8299020534,0.9075087134,0.4487315145,1.0610538670,0.5591326652,-0.4600397830,-1.6088782637
130,0.3260372484,-1.1622544428,-0.3236043280,0.5162687398,0.7432137255,0.4066895624,0.4366259690,-1.2077094259,0.5907702000,0.9126318321,0.5106115973,0.5182577050,-0.4065038953,-1.5349972391
131,0.4271107484,-1.0116354555,0.4624410179,0.7895050152,0.7205985879,0.2495018574,-0.4749341571,-1.6977031672,0.9622263012,0.6845124403,0.6660096518,0.7293683964,-0.4574287555,-1.6224617329
132,0.5037723774,-1.0256844860,-0.7944437343,0.6145932760,0.5359605900,0.0108317393,1.0567339120,-1.4199534465,1.0219621496,1.2854602263,0.9402583345,-0.1546578832,-0.7168973660,-1.3541633117
133,0.3655724286,-0.9941800980,-0.6268769161,0.4867602116,0.4657614871,0.7557430711,0.6544025213,-1.9783036338,1.2366933568,0.5306763586,0.1479196235,0.4333290060,-0.0236731715,-1.0882518166
134,0.2486990615,-0.6487952505,-0.2238720398,0.5885155004,-0.0934203553,0.4434587528,-0.0114118241,-1.1808624462,1.1263876626,0.5599423641,0.6778110457,-0.0116514016,-0.1208519691,-1.1052500392
135,0.3151733290,-1.1419861352,-0.6247912611,1.1189841225,-0.0634484563,0.6380467620,-0.0518396179,-0.6467403226,0.7717749086,0.9260842635,0.4375946414,-0.2684121179,0.0916341414,-1.1869009283
136,0.3276184543,-0.9668451825,-0.2763533848,0.7485987900,0.3698561852,0.5844237322,0.7836023575,-1.7926826092,0.5494001117,0.7149965982,0.6947138198,0.2564006104,-0.4593322317,-1.2067787967
137,0.2575604691,-0.2629545155,-0.3086272631,0.7073528114,-0.0490572105,0.3478164176,0.3204733232,-1.2836282822,0.5286247190,1.0260728823,0.1022567549,0.4214499378,-0.0689318061,-1.4808477689
138,0.3338638982,-1.1519187538,0.4972684439,0.7542804892,0.3933502418,0.2573755164,-0.6032547684,-0.4484073195,0.3013061504,0.3210556830,0.9265320749,0.4369527462,-0.1143412597,-1.5701992445
139,0.4882720105,-0.9823032297,-0.4920250897,1.6313039761,0.2613842343,1.0026903058,-0.1980042150,-1.7851666514,0.5621206696,0.9909703864,0.2014324819,-0.1754867979,-0.2087273574,-0.8081887130
140,0.3696249710,-0.9714088738,-0.2271643276,0.2012428681,0.8310535380,0.5410676755,0.5278331294,-1.8885392804,0.9859152708,0.7617140348,0.4303458168,0.4601866144,-0.1045156510,-1.5477308150
141,0.2454358922,-0.6067925405,0.0556982043,0.2898905153,0.2212606989,0.1939318136,-0.0538901987,-1.2341014776,1.1340029847,0.3919199518,0.7546842678,0.3474943894,-0.1916350787,-1.3024635302
142,0.3538682226,-1.0648436496,-0.5013457933,1.0670149605,0.6002735224,0.6894014637,0.0836728195,-1.8490748130,0.9749014898,0.2598261872,0.6887853303,-0.1892855866,0.0904170699,-0.8497430009
143,0.4917496054,-0.5126251523,-0.7242053482,1.1105143133,0.3342089710,0.6701537872,0.4237611059,-1.8424315756,0.5406238987,1.3723132477,0.5338492265,-0.4427032639,0.0838497139,-1.5473089241
144,0.3571418783,-0.6991142283,0.0927242907,0.5889198364,-0.0125232699,0.6081762108,-0.2974825264,-1.7718173677,1.4911170546,0.5913627340,0.7954690563,-0.2780978063,-0.3497516209,-0.7589823631
145,0.4338099162,-0.5683619963,-0.2747561431,1.0912526177,0.6827036212,0.1204842103,-0.3514547067,-1.6808723215,0.9810047186,1.1069402155,0.7155844248,0.2281173996,-0.3429842182,-1.7076578217
146,0.3039508816,-0.7090047703,-0.1906156568,0.7711790863,0.4897893059,0.3447849549,-0.2693338210,-1.4195251781,0.9827260791,0.8735810145,0.2220863924,0.7936312364,-0.2413418931,-1.6479567501
147,0.4539999286,-1.0796397812,-0.3252053413,0.8834511779,0.9762224546,0.3170451597,-0.2455129970,-1.9108434747,1.3844828019,1.1645016149,0.4877148236,0.0819509244,-0.5978021260,-1.1363652370
148,0.3161652165,-0.9185649007,-0.2016901484,1.0894555031,0.2948766124,0.6426631363,0.0091257693,-1.7258601336,0.8099941616,0.6081484878,0.0600356240,0.3162126695,0.1772154809,-1.1616122621
149,0.4481301599,-0.9993736321,-0.5647783324,0.5062763979,1.0576071615,0.2966303458,0.3965391805,-1.9328591580,1.2399580368,0.5956662666,0.6634005797,0.5130782799,-0.1955596186,-1.5765855076
150,0.2689129961,-0.7218035664,-0.2744229654,0.7557107302,-0.1826380806,0.5491485810,0.0172542105,-0.5775715646,0.4343226552,0.3984738400,1.1136081557,0.0129183940,-0.4100961378,-1.1149042518
151,0.4289394229,-0.7068049838,-0.1361445898,0.7716156851,0.4794721856,0.0604290073,-0.4207714278,-1.8150645365,1.7672686599,0.8022596608,0.6346970598,-0.1364643747,-0.4661755665,-0.8343167794
152,0.3081171542,-0.7453076529,0.1717751365,0.9938847706,0.6613692030,0.5450411534,-0.4424728318,-1.8506837127,0.6663939338,0.8747981216,0.2871895823,0.4575483706,-0.3451536666,-1.2743824079
153,0.3472243141,-1.0122291107,-0.0789997139,0.8983309904,0.5689059160,0.6141431729,0.4301457442,-1.7870501463,0.3667531475,1.1309175915,0.6235733609,-0.0609950057,-0.4431543312,-1.2503416154
154,0.2891868482,-0.6597976174,0.2441603811,0.5880969115,0.1381415114,0.9638652201,-0.2636785563,-1.8415146224,0.8307267720,0.6111700846,0.5559251671,-0.5883489895,-0.1943428094,-0.3844034527
155,0.3525297428,-0.6831564485,-0.6508703431,0.5926353730,0.6594488799,0.4589627548,0.1074821291,-1.3802952515,0.8957929063,1.4869371175,0.1712726662,0.1302225487,-0.1784188394,-1.6100134931
156,0.4578611839,-0.6182354952,-0.5652131520,1.5635448501,0.4564309918,0.0519271731,-0.3837232165,-1.7475644545,1.2428333032,0.5895969539,0.6488133964,0.0512770268,-0.4176601863,-0.8720271908
157,0.3770985251,-0.9871199984,0.1136507561,0.7729564809,1.0645351384,0.2667738610,-0.0751609378,-1.8343072839,0.6786719837,0.8867745686,0.1559471224,0.5585870015,0.0740664460,-1.6753751385
158,0.4242628198,-1.0165855345,0.0376241476,1.3563810162,0.2959767961,0.3236758966,-0.4288574047,-1.5862011417,1.0179862244,0.8565878246,0.6491679759,-0.3077461322,0.0259209919,-1.2239306603
159,0.3917207716,-0.6102764982,-0.2358797087,0.6016478737,0.2752501140,0.6335394646,-0.0722674238,-1.7731385580,1.1811247364,0.9571556685,0.6717830348,-0.3970969434,0.2580801342,-1.4899218941
160,0.3979149634,-1.0029592207,-0.4294744806,1.0732912546,0.7014678788,-0.0553111854,0.4519461522,-1.8449833216,1.1060229225,1.1541354546,0.1206252850,0.1968864933,0.1039142477,-1.5755614805
161,0.2713023838,-0.1403454996,-0.3373288282,0.8395470770,0.2087213902,0.2813297852,0.4467917967,-1.3298314680,0.0311157467,0.9244293159,0.6964296043,-0.1293768474,0.0774723576,-1.5689544305
162,0.3351714033,-1.0505101146,-0.3318341451,0.6431429516,0.7440680594,0.1924366791,0.3839606276,-1.3344786845,0.7532146264,0.9625308155,0.8751755934,0.1981966079,-0.3847444455,-1.6511585712
163,0.3555722171,-0.5863392984,-0.2463963248,0.2751622845,1.0553855847,0.2355936250,0.2449250047,-1.8738655927,0.8955347170,1.0936943620,0.4458986119,0.2450889389,-0.2020563909,-1.5826255220
164,0.3382153513,-0.9546802115,-0.0337602487,0.8977904459,0.7856743877,-0.1382691078,0.1458823419,-1.2131331419,0.5104955345,1.1042941271,0.4534010340,0.5381245339,-0.3691519372,-1.7266677578
165,0.4563419204,-0.9956401449,-0.5462752948,1.0909261370,1.0790882958,-0.0639762307,-0.0556284267,-1.8431115034,1.3346171676,0.7211467176,0.4124137198,0.6887109967,-0.2704590147,-1.5518124193
166,0.4011767996,-0.7183270646,0.1358196267,0.3866861598,0.0878317666,0.7869502074,-0.3013129285,-1.9050973143,1.5274495468,0.8017515029,0.3903679334,0.3531573261,-0.4342451854,-1.1110315771
167,0.4402343691,-0.5736592699,-0.6963327065,0.8437960208,0.4065680846,0.4886686158,0.0954279669,-1.8295743112,1.2651055995,1.2000150885,0.6771624871,0.1412083504,-0.4887376628,-1.5296482632
168,0.2577080313,-1.0568496217,-0.3951810653,0.6082942847,0.5310192538,0.4039802057,0.8144626744,-1.3410095727,0.4352838411,0.9607058157,0.2966299553,-0.2264831627,-0.4768266213,-0.5540259870
169,0.3711880824,-0.5716093585,-0.3043715095,0.8778859853,0.6878671494,0.0147132056,-0.0544819172,-1.8508475804,1.2008440253,0.7688604007,0.7310625148,0.3056419324,-0.1701707877,-1.6353940602
170,0.3417837189,-1.0476291043,-0.5471573353,1.1148963926,0.5054743208,0.5057709565,-0.0065516634,-1.8545979058,1.3297943390,0.5647340757,0.1940554212,0.3307755777,-0.1988370832,-0.8907279914
171,0.2697654419,-0.7053415962,-0.2018215089,1.1500893602,0.2564774649,0.0719225743,-0.5530692635,-1.1944538537,1.1761968229,0.7935514059,0.0154321136,0.0820314542,-0.0258435015,-0.8651714721
172,0.2667695240,-1.0334418121,-0.2148760429,0.5055888284,0.2814982973,0.7537957748,0.6930585475,-1.8576547310,0.8720311380,0.2113298178,0.3091009117,-0.0378525809,-0.1317494688,-0.3508286798
173,0.3788023080,-1.0094386008,-0.2679903510,0.7367478415,0.6370852216,0.3917288883,0.3335204846,-1.7853174371,0.9636639530,0.3590280721,0.8079487307,0.4418845352,-0.0593192872,-1.5495420507
174,0.3787252715,-1.0216149861,-0.1840984378,1.0179454474,0.7180189400,0.3057010237,0.3153312048,-1.7342495862,0.5829663942,0.6326239380,0.6487203810,0.4348507441,-0.0325229525,-1.6836721106
175,0.3689538424,-1.0498435715,-0.0691894933,1.3150650209,0.7816538342,0.6698360120,-0.3708181648,-1.7479899431,0.4712863056,0.8976188845,0.0980970661,-0.2278490652,-0.1442456458,-0.6236212396
176,0.4166013362,-0.5900171346,-0.2994918430,1.2903339951,0.0112573575,0.3259826912,0.0325036525,-1.6893597651,0.9187910463,0.8806815874,0.9541176160,-0.4238932585,-0.2245339181,-1.1863720267
177,0.2743077155,-0.3453263175,-0.1396365864,0.8285576618,-0.1061107901,0.2855035950,-0.4552868287,-1.2383272734,1.1706265393,0.6657464689,0.7373070031,-0.1501509632,-0.1161435566,-1.1367589521
178,0.3388037572,-0.5231025789,-0.3070495997,0.7836778814,0.7387726052,-0.1130391456,0.3301950678,-1.8695536277,0.9600993975,0.9068007336,0.5166072997,0.4921009898,-0.2297846126,-1.6857244106
179,0.4480045937,-1.1209983764,-0.3003906109,0.9240281763,0.4658367835,0.8128426057,-0.2700635216,-1.8244081960,1.3131531395,0.9991616075,0.4562350422,0.3056375230,-0.2880224057,-1.4730117670
180,0.3627907019,-0.6479470367,-0.6416561833,0.5519276109,0.4071994803,1.0536806425,0.5520233516,-1.8868264107,0.6115985454,0.5083517392,0.9451301456,-0.4277258719,0.0308014068,-1.0565574197
181,0.4467439583,-1.0336268987,-0.6786242336,0.6239514643,0.8470027955,0.6627432669,0.4364477985,-1.9230416909,1.0651474980,0.9216957015,0.7050083637,0.4471707439,-0.4782690894,-1.5956057198
182,0.3301262929,-0.1441814611,-0.7170924475,0.8400948399,0.3896272218,-0.0320432508,0.7818769847,-1.9265965842,0.8083146972,0.7854290154,0.7044509780,-0.1150431199,-0.1420900818,-1.2327467917
183,0.3572966106,-1.0516265708,-0.8156138564,0.5403189687,0.6562838710,0.6348530861,0.9416917465,-1.9399839080,1.0340766629,0.6508825521,0.7023951167,0.1259669513,-0.5194813114,-0.9597633088
184,0.3253932466,-0.6047467674,-0.1773758573,1.2892612557,0.1313412880,0.7652345293,-0.1865029093,-1.8333788157,0.6161672767,0.6525378569,0.4090015406,0.3259356006,-0.1949855472,-1.1924894509
185,0.3399975382,-1.1282686228,-0.2706183781,1.1170361382,0.2567451828,0.5822487619,-0.0542220609,-1.2648960143,0.7619749932,1.1181364818,0.5329420789,0.0920546284,-0.1903851814,-1.5527480077
186,0.3145125558,-0.6599712777,-0.5778929390,0.7653137655,1.0119230118,0.3125529548,0.4788108319,-1.8923450470,0.5616086998,0.6166564423,0.6416434608,0.4872365844,-0.4345639510,-1.3109725364
187,0.2872858299,-1.1249382230,-0.2152493620,0.8322350037,1.1766217919,0.2262869491,-0.3566095290,-1.1862921643,0.6479455336,0.8039956722,0.3776083139,0.1419074215,-0.3916860820,-0.9318253256
188,0.3842438326,-0.7065846988,-0.2934194067,0.8590865992,0.4053213004,0.4328115606,0.2715527322,-1.9256465486,0.9568784616,1.2391956888,0.1932210402,0.4688166672,-0.3588284876,-1.5424049085
189,0.4145939235,-0.9953450705,-0.6310245213,1.0824935796,0.9935459767,-0.1808915427,0.0619897861,-1.2350168559,0.9042486481,0.8230929007,0.7412498304,0.5255768700,-0.3974030197,-1.6925165814
190,0.2666423050,-0.6142825307,-0.1718337185,1.0883055142,0.4515172310,-0.0897096381,-0.3952803523,-1.1264562372,0.8577397316,0.6004965302,0.5938515673,0.0959193694,-0.0921422278,-1.1981252390
191,0.3930694412,-0.2060679307,-0.7458968680,1.3522601079,0.3182385927,0.3703464991,0.4594303978,-1.9106231554,0.3623123565,1.2933740410,0.4783358035,0.0056652015,-0.3769735279,-1.4004015181
192,0.3365456868,-0.2024137517,-0.6254936972,0.5239962838,0.8945151878,0.2516871914,0.4697736232,-1.9312500303,0.6191851930,0.7977509566,0.6719334740,0.3564119356,-0.0734473913,-1.7526489748
193,0.3754839539,-0.7430939743,-0.1637690717,0.7608805762,0.5994878794,0.0437159956,-0.3024200445,-1.8518014834,1.6570001227,0.7952622102,0.6703524876,-0.1582339230,-0.4654908792,-0.8418898956
194,0.5033100252,-1.1080608297,-0.6659033191,0.6042931357,0.7772450468,0.8932064039,0.5606302632,-1.9430753542,0.8816646535,1.3935712513,0.4839429452,0.0624824120,-0.6701883172,-1.2698082914
195,0.4956242563,-1.0867750699,-0.6065010384,1.1997903681,0.7187327875,-0.0567787243,-0.0621332105,-1.3095754812,1.2032403687,1.3588557245,0.6868981440,-0.2183190163,-0.4145980802,-1.4128367721
196,0.2807557883,-1.1063681274,-0.1659215865,0.5002428877,0.4846117297,0.9047948060,0.0071905046,-1.2663327234,0.6417825094,0.8484220855,0.5775017289,0.0046308501,-0.7009819245,-0.7295727399
197,0.2991524531,-0.5098146740,-0.6229021482,0.8854616763,0.2824416232,0.6381164909,0.4413598794,-1.9757377078,0.8610748602,0.6469289257,-0.0021742161,0.3304092228,0.2033078807,-1.1784718131
198,0.3592561640,-0.6378553056,-0.5387168717,0.7428590162,0.5560265685,0.6547031297,0.0710367837,-1.8467522123,0.9986988915,1.1069137435,0.6767260294,-0.2389912241,-0.4066705267,-1.1379780221
199,0.5314776283,-0.9578333080,-0.7049536026,1.1550106330,0.4610311410,0.1060761341,0.3739966429,-1.7647775390,1.3314498986,1.0591138682,0.6000905614,-0.1186538701,0.0247823003,-1.5653328598
200,0.2900369385,-0.7214710816,0.1407929392,1.4067694210,0.3810939179,0.0989523057,-0.4340805537,-1.2296551310,0.3575981824,0.9190307387,0.1354145395,-0.2829204543,0.1185196795,-0.8900445034
201,0.4179271934,-0.5745850049,-0.7021085236,0.7744837593,0.5166325554,0.2958704513,0.6000298766,-1.9096256518,0.9993025377,1.0777179446,0.6867026674,0.3473145180,-0.4886788592,-1.6230562708
202,0.4033636002,-1.0674976552,0.3267414796,0.8353335021,0.3290178871,0.2468979807,-0.3951668022,-1.7760440454,1.5007176532,0.3471095974,0.9209338738,0.0654806156,-0.4661594873,-0.8673645995
203,0.4907602275,-0.9629893521,-0.7548899029,1.3389688265,0.1304341450,-0.0677603646,0.3342273338,-1.1735499127,1.1555592269,1.1321575851,0.7926155829,-0.4060509974,-0.1991434234,-1.3195787473
204,0.3313326350,-0.6456167043,-0.1607224482,0.7506959485,0.3397896643,0.3489822587,-0.0339360443,-1.7651225276,1.1659298528,0.5721505259,0.6532886257,0.3627443773,-0.1136136735,-1.4745698555
205,0.3716271903,-0.5340592051,-0.6781685914,0.9595477664,0.2843975559,0.2908656938,0.7180745059,-1.9664421735,0.9257844480,0.9134975497,0.6057796123,0.1668499628,-0.0796274216,-1.6064997032
206,0.4523696066,-0.9554424471,-0.3754700606,1.2872234238,0.6970491381,0.3088482106,0.0103077227,-1.6929765742,0.7204605867,1.0004040439,0.7759827508,0.2032204080,-0.4159337717,-1.5636734310
207,0.4633871405,-0.8720233552,-0.6800009067,1.3621239661,0.3713576488,0.5961369916,0.1182559137,-1.7646281361,0.8687778778,0.7218796975,0.6382429434,0.4326887276,-0.2027374717,-1.5900738969
208,0.3287884709,-0.6042807245,-0.6356679230,0.8674400418,0.9017412192,0.3104513856,0.0230994188,-1.8871746252,1.0243912073,0.3679010000,0.6922061433,0.4729258208,-0.3343407855,-1.1986921786
209,0.5131359327,-0.9887478325,-0.5344058768,0.8538021953,1.0121281535,0.5879788502,-0.2981558687,-1.8381356924,1.2055360713,0.6820283068,0.5178972108,0.7167064332,-0.3457201889,-1.5709117619
210,0.2612945946,-0.7737551326,-0.5847931838,1.1364384076,0.2036193946,0.3407006173,-0.1095669258,-1.1192422803,0.9065991029,0.5233082469,0.7400244412,0.0677340973,-0.1849984387,-1.1460683467
211,0.3127781886,-0.9490301074,-0.1308884178,1.1730777815,-0.1989521397,0.6145899020,-0.1280531689,-1.0873611880,0.7066173383,0.9682383026,0.6530642931,0.1240980816,-0.5408364662,-1.2045642111
212,0.3027745375,-0.3238274587,-0.2329581520,0.9770256462,0.2535217870,0.2707056988,-0.3942809720,-1.1925931973,0.6424066480,1.1444848433,0.4754536756,0.1829697913,-0.1368112348,-1.6660970753
213,0.3788866313,-0.6052796451,-0.2855760421,0.4974807064,0.1564125609,0.7059738311,0.3952462836,-1.8857290103,1.0214713156,0.4144518024,0.6781082479,0.6438696527,-0.1175850101,-1.6188446929
214,0.4336968039,-0.2387188104,-0.6121805450,0.6013706934,0.9391716885,-0.1026248461,0.0840235313,-1.8557525162,1.1847108045,0.8860642579,0.8939519974,0.1804870359,-0.3562834614,-1.6042198298
215,0.2387296756,-0.6615580688,-0.2598997021,0.5386512199,-0.2727694274,0.7277331894,0.5146164476,-1.2669155854,0.6801419267,0.4030394750,0.4844630790,-0.6784718893,-0.1220052665,-0.0870253982
216,0.4439594832,-1.0235665190,-0.7636068981,0.9545083244,0.7466472725,0.6603766470,0.7380636128,-1.8842345696,0.5718121299,0.9902513281,0.8573461527,-0.3962851234,-0.2218663871,-1.2294459702
217,0.2809419863,-1.3501058812,-0.1872109437,0.5960530164,0.6053389673,0.0835047512,-0.5155811030,-0.0945228480,0.8625240408,0.8542120906,0.6329635120,0.1506204624,-0.4652227075,-1.1725733575
218,0.3047030307,-1.2009942625,-0.6241722363,0.7712545952,0.3661856060,0.5415036560,-0.0511166419,-0.7991101417,0.9964494252,1.1522659902,0.4454883731,0.1510301532,-0.7966315513,-0.9521529652
219,0.3565516826,-1.0566000804,-0.2251267888,0.6582000960,0.9462275524,-0.0420494886,-0.5040550385,-1.2115566609,1.4349604088,0.8754266518,0.1450157728,0.2043192981,0.0407685875,-1.2655303103
220,0.4268843467,-0.9762900701,-0.4066799298,0.6082445259,1.0610118536,0.3495404934,0.3822813969,-1.8722131797,0.8541049097,1.0735491387,0.6588340991,0.3180466821,-0.4441679167,-1.6062620032
221,0.4233673891,-1.0918025914,-0.4050994664,1.2987545438,-0.1011541169,1.2317558921,-0.2818650631,-1.2326861679,0.5820969699,0.5183870447,0.3893216812,-0.5793210622,0.3378819286,-0.6662695924
222,0.3056403450,0.1249761358,-0.7173934586,0.9097250778,0.7235960236,0.2549023109,-0.0306165069,-1.9549157409,0.6897261582,1.0837097494,0.2212156354,0.2699541288,-0.2350160312,-1.3398634824
223,0.2609331368,-0.6929858011,0.3909824991,0.4252769231,0.6201071373,0.0133946154,0.3264604039,-1.7633159927,0.6800802150,0.7825626559,0.3703302971,0.1028382684,-0.1612180569,-1.0945131645
224,0.2916563950,-0.5944705984,-0.2883043926,0.8652128163,0.2726779925,0.4100240460,-0.0640948161,-1.8523501249,1.2513050771,0.8452458197,0.2224010089,0.0911369047,-0.0072531931,-1.1515305402
225,0.3158125508,-0.6162554867,-0.5710351890,0.8911366689,0.2896395120,0.5898453409,0.3098783233,-1.8654503452,0.9722411759,0.6523140203,0.8563214284,-0.1714510359,-0.1677233842,-1.1694610287
226,0.3221891173,-1.0657637500,-0.3277964528,0.8376728681,0.5536669047,0.2237993904,0.4104987475,-1.1355754568,0.5034977489,1.0839010366,0.7661678356,-0.0065640203,-0.2691506653,-1.5743541866
227,0.2969898402,0.0484114806,-0.2535196363,0.4803586556,0.7431714815,0.3406322505,-0.3248236423,-1.9260885675,0.8918579779,0.8078159291,0.5678327257,0.4523312117,-0.4782222915,-1.3497575750
228,0.3815924254,-0.9775662720,-0.1808929286,0.8187828707,0.4978622058,0.5797260160,-0.0731066375,-1.9358312578,1.2710260034,0.5870007546,0.3822325608,0.7374771588,-0.3491407960,-1.3575696782
229,0.3376091336,-0.6555337063,-0.2060883905,0.3957822214,1.0291811776,0.5868936431,0.0239191591,-2.0147122405,0.8405581362,1.0984127454,0.0505831771,-0.0710400249,0.1775734157,-1.2555293132
230,0.2869082866,-0.6298462125,0.1533950083,0.7860104440,0.3818040058,-0.0159510321,-0.1678863127,-1.7908421641,1.2833162632,0.7536606494,0.4223307273,0.1069077641,-0.5215447582,-0.7613543826
231,0.4380988564,-0.6456678643,-0.2433052527,0.6766845332,0.9785781846,0.5232301104,-0.3876820678,-1.8713705741,0.9695329307,1.1111513753,0.5044301645,0.5609354835,-0.5961268216,-1.5803902017
232,0.4165971816,-1.0325472608,0.6947124019,0.8758681680,0.3601618953,0.6314179815,-0.4271749109,-1.7123356296,0.6098973546,0.9717720227,0.4302788020,0.1234631533,-0.1095383640,-1.4159756141
233,0.3759645129,-0.9425550700,-0.1313969400,0.7173230607,0.2989667051,0.8616003833,0.3692242893,-1.7446202002,0.5714577718,0.2808784754,0.7893086485,0.1525528839,0.2066621323,-1.4294021402
234,0.3100231307,-0.5624404533,-0.7571331727,0.5905703070,0.8070695170,0.4282956393,0.7152611773,-2.0106362485,0.7890132339,0.9163830588,0.3385055101,0.1359358692,-0.0999126819,-1.2909117562
235,0.3829530121,-1.0390986773,0.1938559394,0.8369827586,1.1877674571,-0.0087339785,-0.4803723902,-1.6489393013,0.9585381921,0.5411135739,0.6356750709,0.2764986748,-0.1927359010,-1.2605514185
236,0.4178937012,-0.9927819830,-0.6739599762,1.4421776488,0.6054528853,0.2937410883,0.1189621852,-1.7975348159,1.0039429674,0.9195719599,0.4828613180,0.0538987559,-0.1100674992,-1.3462645346
237,0.4342509238,-1.0688079416,0.0454260348,0.3101639381,0.1230478019,0.5830860193,0.3055346914,-1.8386973054,1.5402467615,1.0753499462,0.4210002840,0.1514964337,-0.8119918454,-0.8358548184
238,0.5433833136,-1.1302661113,-0.2310044366,0.5705293898,0.8393011906,0.7362710592,-0.1554830822,-1.9947730848,1.3654250754,1.4536166394,0.1678004162,0.4194907928,-0.7088120313,-1.3320958171
239,0.3993848612,-0.9120570655,-0.3867552978,1.1184836149,0.6024989199,0.0402407670,0.3140217894,-1.7636313062,0.9871985782,0.8616448967,0.5616711209,0.4177050983,-0.1817779601,-1.6592431558
240,0.3000290805,-0.6167591863,-0.3841149349,0.8843407451,0.7529329757,0.3672348695,0.3813628892,-1.8819256995,0.4969283411,1.1668709168,0.1432354845,-0.0591489826,0.0391290981,-1.2900865168
241,0.3212334017,-0.5377326857,-0.3026250599,0.7271602649,0.5119623528,0.4072811577,-0.0210714900,-1.9913246591,1.2063501192,0.7131351577,0.0973352702,0.7734442351,-0.2511715057,-1.3327431573
242,0.3332451309,-0.6494907001,-0.2934107378,0.7998374833,0.4200419633,0.6048182655,0.0043775104,-1.9257159781,1.0395421936,1.2163937853,0.1082403006,0.3625633439,-0.4530159035,-1.2341815263
243,0.4246663460,-0.9686365194,-0.4121086783,0.6496464142,-0.0912633877,1.5015757734,0.1980252285,-1.9493228753,1.0720840447,0.4863263418,0.1326809783,0.2469872516,-0.0794390429,-0.7865555288
244,0.4123232125,-0.1285019732,-0.6993322931,0.8046082589,0.7042284341,0.5053494555,0.3688121333,-1.9463549130,0.3911908974,1.0592378071,0.6885733306,0.5129667119,-0.6288965283,-1.6318813212
245,0.3804907802,-0.4810216827,-0.6693796923,0.8596285555,-0.1022856400,1.0263136495,0.5099536541,-1.9573152462,0.8141064022,1.0795299362,0.3759666693,-0.2868844487,-0.1738556865,-0.9947564702
246,0.4145168032,-0.6631193209,-0.6357329978,0.6881536734,1.2284432117,0.5683229661,0.1402533888,-1.8984016189,0.5720806977,1.3159256337,0.3212487288,-0.0943720433,-0.3985283704,-1.1442739488
247,0.5198706600,-0.6036271802,-0.6223561340,1.3353974692,1.0550068257,0.0070377029,-0.0322619877,-1.7341963938,0.5949996979,0.9363324603,0.9554400528,0.1625688824,-0.4170681652,-1.6372732303
248,0.2841146415,-0.6038058148,-0.6605610903,0.8144057269,0.3197089450,0.4251113047,0.4669165333,-1.9104550321,1.1486794274,0.2218705089,0.7127051674,0.0535280313,-0.1626146303,-0.8254890774
249,0.3007174077,-0.9912071426,-0.3413195616,0.7796195622,0.3293817711,0.6409034018,0.7296420423,-1.7343794448,0.5873593715,0.8102885821,0.4518149667,0.0026888742,-0.1175654753,-1.1472269477
250,0.3716083203,-0.6021396070,-0.5648483028,1.2623139295,0.6820844666,0.3005690231,-0.2412447087,-1.8498761244,1.0131413236,0.6244091169,0.6045805983,0.3323328742,-0.4151949944,-1.1461275950
251,0.4923542444,-1.2219551211,-0.1806190178,0.8646788414,0.5448250723,0.5421041662,-0.3607574649,-1.2548600930,1.0665836170,1.3288190680,0.9071881901,-0.2868721309,-0.7005450454,-1.2485900819
252,0.4824893890,-0.9823564973,-0.6589994759,1.2321389431,0.1290501932,0.7950288930,0.3877705126,-1.8401127694,0.9374802007,1.0659044684,0.8438647491,-0.5056514675,-0.2467563366,-1.1573614134
253,0.2629984234,-0.6595864320,0.0974121408,0.5085614198,0.3488663939,-0.0158367605,0.4264581247,-1.8731989153,1.1673240287,0.5169444445,0.5383783860,0.0939674790,-0.4248611530,-0.7244291565
254,0.3612087004,-1.0419732596,-0.1557477784,0.7984254888,0.6739284324,0.4199672002,-0.4541990459,-1.1213610115,0.8809599740,0.8894564675,0.7189216031,0.4894219774,-0.4511845629,-1.6466154852
255,0.2879439072,-0.5480502136,0.1265687704,0.2427148875,0.9326730391,0.2057021031,0.1305606772,-1.3568760390,0.2667067754,0.7199049839,0.3628886546,0.6490450957,-0.0237309606,-1.7081077735
256,0.4133362677,-1.0640273988,-0.5320670111,1.0728061382,0.7013726396,0.8677246595,-0.3023281389,-1.7393529642,0.9958720757,0.6360182838,0.3860639699,0.6224126779,-0.4258890492,-1.2186058824
257,0.4435796352,-0.9722436917,-0.7078418241,0.9056115483,0.3187852804,0.4316141957,0.6336125209,-1.8643195551,1.2547815257,1.0367201742,0.3803772975,0.1515530240,-0.1575226751,-1.4111278206
258,0.3452863894,-1.1195902752,-0.4541657343,1.0954281533,0.5462454854,0.0457640387,0.2665800032,-1.0285661805,0.6483045094,0.6442518988,0.9001582254,0.3981183850,-0.3078469035,-1.6346816058
259,0.3783856480,-1.0304192002,0.1648460661,0.8508384219,0.3395061891,0.8989607431,-0.0630856002,-1.8014034178,0.6407567980,1.0500611390,0.6079687491,-0.4311870622,-0.1201414690,-1.1067013570
260,0.3466215619,-0.2499140277,-0.6733226115,1.0887476717,0.0169443031,0.6095232025,0.8515027799,-1.9461307439,0.3026494259,0.7195861198,0.6465997436,-0.2410475718,0.0991393414,-1.2242776330
261,0.3411138326,-1.0042091095,-0.3189838512,0.5917473838,0.3870940632,1.1279480592,0.0693988579,-1.3119405736,0.4589451704,0.3979727225,0.7458975994,0.2690316570,0.1110379064,-1.5239398854
262,0.4402163801,-1.0403713556,-0.2867270589,0.8674106160,0.5419013767,0.2131145486,0.3279687339,-1.8034621959,1.1801653351,0.7599416955,0.6740469180,-0.3481157353,0.3505765859,-1.4364494641
263,0.3199780270,-1.0522569488,-0.3060798501,0.5920203865,0.2710565094,0.8628285518,0.2258796769,-1.8974564946,1.3040081689,0.3086226221,0.5953224637,0.1631800966,-0.3114587758,-0.7556664066
264,0.2730684135,-0.9696606182,0.0749588460,0.8746218488,-0.0159987114,0.6692043014,0.3090541058,-1.8769955741,0.9348158016,0.3136109074,0.3340315716,0.0073280957,0.1839338306,-0.8389044052
265,0.2936893826,-0.6162026324,-0.5396168882,0.8405387059,0.3301916880,0.8971100271,0.1066746038,-1.9135266895,0.8948311853,0.5375091012,0.3982504221,0.2829873528,-0.0948600325,-1.1238868436
266,0.3482558806,-1.0452128580,0.0422870602,0.5042481830,1.0133281476,0.3446202357,0.3851081309,-1.8421899624,0.5978110630,0.9906245427,0.6658760994,0.0608059551,-0.5073318966,-1.2099747005
267,0.4868225104,-1.0264456066,-0.7084277986,1.2981466642,0.4130851844,0.7033318644,0.4100271662,-1.8207979836,0.7310805096,1.3187385052,0.5345055580,-0.4407600654,-0.2234415789,-1.1890424188
268,0.4406636949,-1.1652696283,0.0331824224,0.9183150542,0.4520049679,0.8604507299,-0.3561276648,-1.7805732938,1.0380174126,1.1496945212,0.4260857953,0.3988390451,-0.6421580520,-1.3324613095
269,0.3046866535,-1.0955944741,0.0509275283,0.5789009829,0.5270320263,0.3447072458,0.3324920655,-1.2224141873,0.4839488127,1.1677399129,0.5617042612,-0.4536525969,-0.1239609724,-1.1518306047
270,0.2720871862,-0.6844286959,-0.0714815370,0.5415147288,0.5531499666,1.0634523039,-0.2780712438,-1.9498693806,0.8257338580,0.4250943290,0.3416127020,-0.3666641011,-0.1291188841,-0.2709240457
271,0.4144557608,-0.6908834557,-0.6247513438,0.5741525903,1.1037804582,0.3812675482,0.2176825023,-1.9660835006,1.0048352011,0.5158295441,0.6960041097,0.8920735253,-0.7126688253,-1.3912383538
272,0.2911812893,-0.6654163635,-0.6513662149,0.6758993171,0.6229930447,0.1832887767,0.4839924334,-1.3022774813,0.6528864877,0.7695579859,0.8144017631,0.1173783026,-0.1259798516,-1.5753582000
273,0.4019809554,-1.0098255525,-0.2925527373,1.1143870379,0.0235106914,0.6052303224,-0.3195406892,-1.1786170978,1.0574080252,0.8688763225,0.7656312639,0.1686100955,-0.2286706103,-1.5744470716
274,0.3776454833,-0.9907873259,-0.3895039920,0.8136474130,0.4858511794,-0.0777641669,0.6382811792,-1.8155968776,1.3358725908,0.1808169566,0.5423785583,0.4373533412,0.0400475332,-1.2005963893
275,0.3405270621,-0.1877655427,-0.3231647412,1.1053064201,0.3828339548,0.3807717404,0.0010349424,-1.9098268466,0.5508100728,1.2767871269,0.3667879253,-0.0646367685,-0.3661484258,-1.2127898580
276,0.4041599961,-0.7782213412,0.1404463770,0.2435494581,0.3405485784,0.3599264675,-0.3265760788,-1.8745500028,1.8948765417,0.6337778329,0.6052826788,-0.2504153021,-0.2488439521,-0.7398012575
277,0.3664130502,-0.4476859030,-0.3047266101,0.6335716132,-0.0893277870,0.5949710189,0.4475337630,-1.3788414144,0.5445053193,0.8468877649,1.4128158505,-0.6013839625,-0.4501483448,-1.2081713081
278,0.3616590118,-0.6709138832,-0.4508421071,1.0585076190,-0.0139902357,0.3030126259,-0.4361539835,-1.2274536669,1.4378336315,0.7819608977,0.6876328753,-0.0568462509,-0.1128882981,-1.2998592240
279,0.3019305400,-1.1877697175,-0.2655523120,1.4367034695,0.5772911568,0.3314699865,-0.4261769346,-1.1846454293,0.7186797806,0.7448337298,0.1603825710,0.0755091009,-0.1711826343,-0.8095427674
280,0.4549757674,-0.9455814594,-0.6756583231,0.9461512340,0.8418121127,0.5896657257,0.2056086268,-1.8794547291,0.9174568124,1.3758713825,0.2645227378,-0.1097714233,-0.2499685586,-1.2806541385
281,0.3226426129,-0.8626658934,-0.5633868007,0.9906735332,0.6370137336,0.1789796050,-0.4259737484,-1.1842092078,1.2295687784,0.5473906556,0.5932395471,0.6877904986,-0.4539868807,-1.3744338206
282,0.3286962875,-0.6235572637,-0.2087226207,1.0087105761,1.0527844529,0.2743976417,-0.2584055737,-1.7904663332,0.5452591205,0.4032342761,0.5316273604,0.5406022964,-0.0661276298,-1.4093363031
283,0.3193937281,-1.1827440535,-0.2833213933,0.8913636280,0.5781312074,0.2347129575,-0.0924312540,-1.0753175757,0.9296064836,1.0968639008,0.7713933860,-0.1016472762,-0.4191500296,-1.3474599810
284,0.4361626393,-1.1392940109,0.1561755435,1.1811414178,0.4909280682,-0.0787816891,-0.4948858158,-1.6558613159,1.5405778021,0.9167673486,0.2842188014,0.1602016510,-0.2323381734,-1.1288496276
285,0.2763171775,-0.6552125077,0.1691629244,0.4894205178,-0.1897164703,0.6009252589,0.0084272418,-1.2261160241,0.8031090591,0.5055395497,0.5028467316,0.0230387776,0.4281730047,-1.4595980637
286,0.4288428072,-0.7140970022,-0.2850461356,1.5568332078,0.2720389738,0.0253398923,-0.3069909850,-1.7744023639,1.2263244126,0.8777848212,0.4192393981,0.0685305140,-0.4933730343,-0.8721816990
287,0.3028738449,-0.6129868122,0.1080042735,0.5283267300,-0.1399118718,0.9830616790,0.3722444520,-1.8360431978,0.5973047473,0.6919941777,0.7622981540,-0.3964998950,-0.3234236857,-0.7343687511
288,0.3316378981,-1.0574447972,-0.2118825803,0.7058934693,0.7067070875,0.2413257835,0.2107065873,-1.2482135929,0.6529080428,0.5514241500,0.5176905735,0.9023727375,-0.3876195952,-1.5838678657
289,0.4211390060,-1.1622824749,-0.1764413956,1.1796002920,1.0293353164,0.3789576239,-0.3486439907,-1.9066441695,1.0061187984,1.0038756425,0.4091441424,-0.1479755599,-0.3522360195,-0.9128082055
290,0.4032035699,-0.7429036983,-0.2978313881,0.9086925514,0.2498034321,0.7426945961,0.0110140816,-1.7918641231,0.9203945483,0.9690176977,1.0642019388,-0.4512744462,-0.3422451650,-1.2397000253
291,0.3815564429,-1.0241368337,-0.5662739850,0.6759629487,0.7880956997,0.5094251001,0.4768506447,-2.0305828087,1.1706592342,0.6919142961,0.2394077253,0.6862326001,-0.1568951778,-1.4606594437
292,0.3620990579,-0.9293390412,-0.3743927921,0.7536949428,0.9159034256,0.3470645371,0.8110782237,-1.8752609360,0.3512516402,1.1106068109,0.3208585544,-0.0772667074,-0.1580687258,-1.1961299322
293,0.3684223998,-0.1953526616,-0.7253222393,0.7021077468,0.6721732204,0.5855595994,0.0303550086,-2.0159773343,0.9464566599,1.3921560084,0.3602349073,-0.0060945639,-0.8351195683,-0.9111767835
294,0.3468858618,-0.0348815852,0.1707369883,0.6375921611,0.4709493964,0.2075613257,-0.3808645456,-2.0067880913,0.9356943506,1.0769209117,0.0753477918,0.4287296144,0.1459001220,-1.7268984399
295,0.3613982732,-0.6209190535,0.1679084100,1.0445518454,0.4782001766,0.3922482140,-0.5034735739,-1.7584066994,0.7998906807,0.7275807121,0.4222762005,0.3687314933,0.1209938554,-1.6395822613
296,0.4073696486,-0.5896402275,-0.7216928481,0.8241810800,0.8307586962,-0.0570186668,0.5048239013,-1.9036564762,1.1122445412,0.8164102000,0.6434254795,0.5237838942,-0.3051083450,-1.6785112287
297,0.3001715065,-0.6909181623,0.4050439751,0.5649354713,0.2764571249,0.1590939939,-0.5011825510,-1.0977879542,0.8843581024,0.8471802809,0.6320513534,0.5170647530,-0.3843710309,-1.6119253563
298,0.3537663538,-0.1558191262,-0.6943045074,0.8861392071,0.7709719795,0.0751169213,0.0516264309,-1.9426777607,1.0089468555,1.0908006891,0.2712373746,0.3792326546,-0.0283589459,-1.7129117725
299,0.3578295200,-0.7363519308,-0.2078915087,0.4761882017,0.9508285877,0.0303309516,0.0722765360,-1.9194435544,1.3340627167,1.1266509536,0.3467985863,0.0791103176,-0.6489850811,-0.9035747764
300,0.2609377833,-1.0435432385,0.0052358680,0.2590543011,0.2062102045,0.2894128750,0.7361840982,-1.1812636182,0.7287095099,0.2807921797,0.8634744205,-0.2907463715,-0.1052207154,-0.7482995134
301,0.2873503533,-0.5888807004,-0.2543646595,0.8207237785,-0.0235424391,0.3861301796,0.3698866673,-1.8577685379,1.1478157114,0.5808398350,0.4147603264,0.0460587878,0.0447123557,-1.0863713049
302,0.2778589973,-1.0655498299,0.1076868467,0.8156399578,0.2780536187,0.8582777508,-0.3674510925,-1.1906160462,0.5639587946,0.7103287690,0.3937562050,0.3850589273,-0.1515985512,-1.3375453502
303,0.3452868394,-1.0382902001,-0.3448014398,1.2475609803,0.6822612682,0.1591838279,-0.0730086806,-1.3012889770,0.6683832211,1.0967187265,0.4295483736,0.5548480705,-0.7185486787,-1.3625664920
304,0.3056628688,-0.3163735841,-0.6184854951,0.8422890340,0.9112217045,0.1034845389,-0.2818303372,-1.1484038880,0.5080980271,0.6798443190,0.7217927082,0.2235451921,0.0406542187,-1.6658364380
305,0.3720783447,-0.8729755555,-0.2147750857,0.7132975224,0.2757946054,0.9353197850,0.1274233010,-1.7961826250,0.8320980525,0.4797678492,0.9348681286,-0.0909188704,-0.0746966645,-1.2490204429
306,0.4320488920,-1.0514186520,-0.0096180833,0.8496658331,0.4741122012,0.3225205529,-0.4662727699,-1.9224202791,1.8034311971,0.7893654676,0.0464432667,0.2449647849,-0.1241520420,-0.9566214772
307,0.3656867774,-0.6052454821,-0.4422382406,0.7163387244,0.3247378299,0.5975431468,0.4213471424,-1.9144964878,0.9020133670,0.9438314339,0.8503031747,0.1258378761,-0.3130832779,-1.6068892069
308,0.3953131290,-0.9978963445,0.2152958881,1.1843955274,0.4417128739,0.0084999104,-0.0038756497,-1.7352484698,0.8871162642,0.6841021767,0.6527005439,0.1048518398,0.2029910754,-1.6446456357
309,0.3779955075,-0.0878953281,-0.7447007168,0.2967495142,1.1435380917,0.2514218335,0.4610802181,-2.0291791614,0.7089855489,0.8621086861,0.5053186035,0.5151149840,-0.1297342687,-1.7528080049
310,0.3547043208,-0.6543605921,-0.7117950314,0.5223305644,1.0754298640,0.3510617850,0.4593601790,-1.9596036355,0.9175768666,1.0249251651,0.4772457999,0.4505778453,-0.5900693911,-1.3626794191
311,0.4145911980,-1.0747980325,-0.6781396494,0.8126418409,0.8537272375,-0.1591816994,-0.0270056921,-0.6500897890,0.9228457839,0.9285247275,1.0247598148,0.2756809595,-0.5361601093,-1.6928053925
312,0.3370111390,-1.0943908826,-0.2027829588,0.4801268860,0.8947850405,0.9099079093,0.5443809046,-1.9133968336,0.3813699347,0.8200759625,0.6399136169,-0.1544039074,-0.4441685711,-0.8614171009
313,0.3113193716,-0.9664695161,-0.3077762049,0.9528052889,0.4481586158,0.6987137844,0.0030036012,-1.8526399027,1.0242043335,0.7822848944,0.4412783015,0.1189369920,-0.1594662411,-1.1830339469
314,0.2971800537,-1.1743663506,0.0207921641,0.5597641598,0.4339479865,0.4228002279,-0.4823805067,-1.3219770645,1.5414193834,0.4985110354,0.1468697616,0.3834960719,-0.1353148194,-0.8935620496
315,0.3516297932,-1.0878924154,-0.1158470600,1.0855873920,0.3286135383,0.9139775907,-0.3904374130,-1.1330818877,0.3990802552,0.7928337288,0.6371479331,-0.5130663121,0.1041579562,-1.0210733060
316,0.4025605400,0.1722071529,0.0703720116,0.3802011771,1.0829699959,0.1970832949,-0.4035227903,-1.9194404038,0.4201295618,1.0137952886,0.4965596290,0.5259090341,-0.3368110579,-1.6994528938
317,0.3462253177,-0.7595071277,-0.6823377822,0.8124330999,0.3692665011,0.3550005933,0.0622859870,-0.7437549418,0.5866136704,1.4307125184,0.2978323312,0.3574862811,-0.3345649415,-1.7514661893
318,0.4775165348,-0.6841015236,-0.7656976336,1.1889588145,0.7056639912,0.1440534965,-0.2103497936,-1.4678156119,1.0892882604,1.2566248562,0.2335897431,0.8810761382,-0.5898336736,-1.7814570639
319,0.3435669249,-0.5196929578,-0.3315211161,0.6170686840,1.0651427189,0.1998313933,-0.0568922990,-1.8945890233,0.9206526001,0.8118693251,0.3255844198,0.6437633223,-0.1736130986,-1.6076039687
320,0.3297209872,-0.8629453733,0.1822190773,0.3073696491,1.0895169298,0.0993141188,-0.3935167943,-1.4012688252,0.9793112179,0.8845260543,0.6412891714,0.3700883648,-0.2034652815,-1.6924383090
321,0.2886302287,-0.2052681995,-0.2303178878,0.8344610116,0.2693197211,0.9287675923,-0.2946260461,-1.7915911706,0.4892549790,0.6074340750,0.5255591854,0.3328418007,-0.3275511949,-1.1382838662
322,0.3586277595,-1.1791615727,-0.2474776092,0.9290843202,1.0521279927,0.2162002840,-0.4835406401,-1.2732106887,0.9859779139,1.1769974365,0.3309527169,0.4876242833,-0.6319409857,-1.3636334509
323,0.4328012071,-1.0946838782,-0.5585533938,1.0492438816,0.1356858726,-0.0961937470,0.3859311962,-1.3204246570,1.4989947256,0.3027849888,0.9194436946,0.2731893289,-0.1997546571,-1.2956633552
324,0.4288588993,-0.9324772508,-0.2403286457,0.9203293207,0.5270503819,0.9370663395,-0.3828275557,-1.8295609486,1.0007483588,1.1089048864,0.5563510519,0.1569643495,-0.5948491241,-1.2273711637
325,0.2581172175,-0.7162577057,-0.3323912545,0.2646426007,0.3049317307,0.2668027437,0.8014349521,-1.3669285602,0.7777654931,0.8621605215,0.7167141073,-0.0006091180,-0.3060588009,-1.2722067100
326,0.3984474857,-1.1062378861,-0.1913522410,0.2017965919,0.5235204465,0.8860172089,0.0964427140,-1.9444403879,1.5342535538,0.4940032313,0.4668313986,0.1785801057,-0.1388385199,-1.0005762156
327,0.3490197774,-0.5656733640,-0.7342442525,1.1063892945,0.5065283586,0.2981333167,0.3813019020,-2.0485807228,1.0561454674,0.8315665861,-0.0068867466,0.6524177208,-0.1176329883,-1.3594645719
328,0.4866407583,-0.6419457977,-0.5979260796,1.4544475502,0.1072198887,0.6600813600,0.0165078373,-1.9065150786,0.9081303197,1.1506272942,0.5755541539,-0.3585173026,-0.1316517099,-1.2360124356
329,0.3066324913,-0.5649211689,0.0904212836,0.9866543356,0.7699953931,0.0096929528,-0.3810923109,-1.8027347089,0.8919842238,0.7152869472,0.4300431341,0.3387466432,-0.2406925119,-1.2433842127
330,0.2746429604,-0.6584188392,-0.2631276444,0.7860397182,0.4662242150,0.3385860188,0.0493118671,-1.9510866360,1.2324713006,0.7581694314,0.3947034352,0.1220155995,-0.4426223063,-0.8322661599
331,0.3431572104,-0.5587415155,-0.4423320471,0.8109117293,-0.1222106015,1.0371503849,0.8781854234,-1.8177399871,0.2147766135,0.6434341747,0.6620489944,-0.0769259540,0.0905621853,-1.3191194003
332,0.4700406689,-1.0240302911,-0.1820442794,0.5286229700,0.1277136682,0.8427203017,-0.0006636560,-1.7924948042,1.5001760909,1.0586546643,0.4349131021,0.2077474931,-0.3050030621,-1.3963121973
333,0.3776908292,-0.5885901252,0.1141894006,0.5727688504,0.2527927964,0.6366669721,-0.3054419406,-1.7849088653,1.1025229115,1.0545214522,0.6350981055,-0.0337995079,-0.1696147293,-1.4862053205
334,0.3183408648,-1.0406602783,-0.5781557276,0.8186832983,0.7116629360,0.5423301318,0.4719179935,-1.9216436246,0.9958652710,0.5990173299,0.1113818439,0.3617008729,0.0484890143,-1.1205890610
335,0.3864403220,-0.6257781371,-0.6785070214,0.9508059680,-0.0095443786,0.9149635892,0.5254990909,-1.9279866146,0.8505475037,1.0660126626,0.3808238025,-0.1508763424,-0.1026880277,-1.1932720951
336,0.2646521514,-0.3345189542,0.0645502297,0.4844705416,0.3259335844,0.2020028548,0.2628731125,-1.2600881903,0.2547768216,0.6283403657,0.9496606461,0.3767190712,-0.2938008069,-1.6609192760
337,0.3821254810,-0.6903260140,-0.5916238803,0.6810674335,0.9479107471,1.2328581574,0.1213721918,-2.0839252158,0.3826665803,0.6972399095,0.1040387198,0.6194552731,-0.0542700062,-1.3664638962
338,0.4531840784,-0.6865212569,-0.0112485338,0.8159503282,0.5133763290,0.2727569271,0.5591441042,-1.9071258154,0.4436679175,1.5888645143,0.2327091531,0.2475875007,-0.4334093362,-1.6357518319
339,0.4758618280,-1.0567469161,-0.5924031715,0.8421464964,0.8407344207,0.2087497730,0.3420955014,-1.8818532170,1.2972771131,0.9034561171,0.8152284905,0.0635912494,-0.2642320726,-1.5180437844
340,0.3332027486,-0.6263424776,-0.2072346638,0.3471258125,0.3786846899,0.5977878065,0.0102868293,-1.9528404592,1.4525324624,0.5782350453,0.4507228692,0.3737152789,-0.1211379482,-1.2815352452
341,0.2897581289,-0.9400827002,-0.2705211223,0.8400605007,0.5910892152,0.3088278071,0.3776403272,-1.8068067542,0.8997927265,0.7604264001,0.3685968716,0.1097258379,-0.1041818659,-1.1345672437
342,0.5139070943,-1.0734364510,-0.4748615307,1.1459648183,1.2746994685,0.4985587578,-0.2876106329,-1.9413859321,0.8580715021,1.1491930318,0.4243523732,0.2779578984,-0.3908221753,-1.4606811281
343,0.3636230018,-0.6660512732,0.2030385779,0.4753755915,0.0922705761,0.7565401322,-0.2378758595,-1.8225468374,1.1992490925,0.5901232086,0.7551245821,0.1001791804,0.0283335132,-1.4737604844
344,0.3738071330,-0.6042812450,-0.2212758255,1.0704517792,0.7541451203,0.7040186937,-0.5160940833,-1.9740803875,0.7871159482,1.1991653910,-0.0651823393,0.1898029488,-0.0142639540,-1.3095220466
345,0.4116570571,-1.0458907977,-0.7745214714,0.6959890412,0.6315625078,0.6260371380,0.8930038067,-1.7622204307,0.7360402061,0.8218026049,0.7228869962,0.2419237325,-0.6959862603,-1.0906270732
346,0.4062250951,-0.9616550285,-0.2034449950,1.1373949833,0.3704263928,0.5956390681,-0.4815673387,-1.3639538010,0.9071607191,1.3510198916,-0.0947540363,0.0397328186,0.1458358763,-1.4418345501
347,0.3319633957,-1.0145031207,-0.6697255636,0.4957991937,0.5989457354,0.4353048690,1.1476588959,-1.8873513523,0.8938713426,0.5125509350,0.4515260872,-0.1126851457,-0.1271343790,-0.7242574974
348,0.5016326643,-1.0342111573,-0.6892197098,0.9263796731,0.4350323786,0.5197030935,0.4549755024,-1.3472707058,0.7346109254,1.1978812088,1.1520067541,-0.4106729235,-0.4150179494,-1.5241970900
349,0.3895314515,-1.1752444239,-0.3809234761,0.5135983477,0.5733478090,0.4416584533,0.3861162835,-1.0224212701,0.6638682766,0.7289553993,1.3262326315,-0.4796554577,-0.3570433797,-1.2184891934
350,0.5380733328,-0.9287417327,-0.7139949136,1.3930044520,1.0073166053,0.4743516237,0.0734816254,-1.7868120233,0.4813943632,1.0625496264,0.6786977720,0.4314078033,-0.4592587987,-1.7133964030
351,0.4428347060,-0.8975557037,-0.7370746181,0.7694057161,0.2712713749,0.9476442075,0.6263311976,-1.9362863003,0.9562641259,0.7549622135,1.0021421048,-0.2425869129,-0.3797686518,-1.1347487537
352,0.5494097481,-1.1386804650,-0.3785579804,0.9436780845,0.4658768484,0.2219495445,-0.0295795594,-1.2565124699,1.1718259973,0.9642435274,1.3375503744,-0.1139810856,-0.6181697383,-1.5696430780
353,0.4381140386,-1.0711684202,-0.4163038757,0.9502899826,0.7851464429,-0.0846207297,0.3635310447,-1.8733856747,1.3465112300,1.0722793232,0.3658720530,0.2579184585,-0.1346591716,-1.5614106632
354,0.3452903957,-0.6702340599,0.2054060364,0.7926134777,0.2601211751,0.0311226752,-0.3942901847,-1.7712117170,1.5464725971,0.4329445774,0.6532342392,-0.1774971364,-0.1130245525,-0.7956571277
355,0.4738253832,-0.5613541788,-0.6423537439,0.6153021495,1.0872397318,0.2056551728,-0.2304533835,-2.0200558206,1.5460200727,0.9962413108,0.0774447388,0.5420107793,-0.0430708187,-1.5726260102
356,0.3981781123,-0.9627183159,-0.2817428087,0.5697477797,0.4523410598,0.2412028005,0.3834619771,-1.8016083395,1.3993158471,0.8593741340,0.3629020249,0.1175790592,0.0966252657,-1.4364804837
357,0.2934261066,-0.1978245028,-0.5522690766,0.4979751924,1.0218084560,0.4975411769,0.0799953503,-2.0091753540,0.6619487578,0.6166797954,0.0990366347,0.6827829414,-0.1328243228,-1.2656750487
358,0.2601512459,-1.0640697029,-0.1328851426,1.0541691466,0.2007851023,0.3391705525,0.0063950455,-1.2557169055,0.8521519042,0.9745176085,0.2479114154,-0.1632537313,-0.2295658077,-0.8296094849
359,0.3877103318,-0.6699539163,-0.6980488572,0.5357934733,0.2301669995,0.3626820937,1.1790652388,-1.9846007690,1.0448957373,0.5717524353,0.6562922492,0.4312124343,-0.3908501731,-1.2684069457
360,0.3829637553,-0.6028592999,-0.3488860165,0.6307207094,1.0303635317,0.2166034188,0.0539037691,-1.8480375751,0.8681914626,1.2493377599,0.6539874935,-0.1208893520,-0.2830808979,-1.4993550034
361,0.2804067104,-0.6617637448,-0.5505069208,0.6138838903,0.3553330073,0.4907051028,0.4434994292,-1.9553007997,1.2641500356,0.6209126383,0.2943320689,0.0364095782,-0.5462571641,-0.4053971213
362,0.3194951512,-1.0601242172,-0.1072676805,1.0341222361,0.0436850534,0.6737986992,0.0992814858,-1.8791456800,1.1956501031,0.4640402753,0.0970820361,-0.2844299823,0.0997028228,-0.3763951520
363,0.3383273956,-0.6060513467,-0.3833188865,0.6551363407,-0.0286901300,1.0343603321,0.4212786586,-1.8658242291,0.7731092609,0.4329048701,0.5790985513,-0.3675801393,0.4896532604,-1.1340765425
364,0.3619867291,-1.0335389473,-0.7338497766,0.3530976332,1.1487210794,0.3540650428,0.7321083279,-1.9741326934,1.1535293339,0.7035904468,0.3154685084,0.4272408172,-0.4829495188,-0.9633502537
365,0.3436574271,-0.6709085855,-0.5587549143,0.6280496069,1.2137935477,0.3097689408,0.1126985369,-1.9766840324,0.9420368999,0.6653540171,0.1154032430,0.7014241910,-0.2321795336,-1.2500019176
366,0.3377475342,-1.0849294350,-0.6111035531,0.8780566258,0.7729195031,0.1245590844,0.2352865825,-1.3156959890,1.0009071813,0.6869791205,0.6312165877,0.5925389168,-0.2454102018,-1.6653244233
367,0.3109808810,-0.7964381642,0.0430054354,0.8439620870,0.3418409252,0.4234684295,-0.3993884505,-1.1242014195,0.6677511571,0.7032941106,0.8911238394,0.3829797765,-0.3996981139,-1.5776996126
368,0.3567135703,-0.5310408139,-0.6367336746,0.9105406933,0.6411741397,0.7169712218,0.1160905489,-1.8914484442,0.6744463290,0.6804529728,0.8281895874,0.3455516433,-0.6313242763,-1.2228699272
369,0.3732885994,-0.7856523356,-0.6023519607,0.3723051651,0.5499753282,0.2333855782,0.0782594262,-1.3219061459,1.4759849445,1.2230947932,0.7406956616,-0.1626153222,-0.5304179105,-1.2707572221
370,0.4486210711,-1.0836383045,-0.5342750045,1.0895852955,0.1412766318,0.6160976724,0.0538459985,-1.8571148534,1.5742225642,0.9599613916,0.2667586724,-0.2383550829,-0.0935143125,-0.8948506686
371,0.2998279834,-0.7056708786,0.1182751363,0.5743165007,0.6142011448,0.5955451250,0.0813369068,-1.8951238583,0.6171199233,0.8508213203,0.6671515778,0.3282168223,-0.6120805911,-1.2341091293
372,0.3840823189,-0.2879921175,-0.5898911877,0.5024493017,-0.0058524518,1.2974404833,0.6606826901,-1.9741190590,0.3972823409,0.4861206869,1.0001333375,-0.3849181405,-0.4225780424,-0.6787578416
373,0.3320440442,-0.5211150914,-0.5963211810,1.0346190856,0.2505831191,0.8817147799,0.0386205175,-1.3019416492,0.2138404196,0.3827759000,0.6998996369,0.5665286892,-0.0944136496,-1.5547905765
374,0.4205956463,-0.6124740008,-0.6496713634,0.8434849085,0.9643260616,0.3037503610,0.0867684874,-1.9240637041,0.9878792498,1.2325895772,0.2267554813,0.5099335331,-0.2860239151,-1.6832546765
375,0.4893929303,-1.0732566418,-0.7884118289,1.1476503134,0.7530541322,0.3070216178,0.5090391355,-1.8041126459,0.9490159177,1.2087278217,0.6757306302,0.0281703289,-0.6201963698,-1.2924324111
376,0.3620066760,-0.2614636888,-0.1831225566,1.0440693605,-0.2043481048,0.3427930456,-0.0943834714,-1.1164924724,0.4729478879,0.7648796251,1.1179467098,-0.3845884318,-0.0767134568,-1.4215244462
377,0.2987643608,-1.1623825630,0.1289597833,0.8463088219,0.5090021599,0.2185715645,-0.4855037566,-1.0456264746,0.9906704645,0.3987162480,0.9161776760,0.0601237669,-0.2065046502,-1.1685130407
378,0.3301323559,-1.0152219124,-0.6484909442,0.8181674020,0.6663138381,0.7592306487,0.4280959652,-1.9595392429,0.9514442457,0.5432946702,0.2966234683,0.3440431621,-0.0370068085,-1.1469544920
379,0.5059367390,-1.1399595238,-0.3189508738,1.2940038240,0.2411631509,-0.0482590648,-0.1394528516,-1.3623891556,1.4738444946,1.4059766620,0.3837170957,0.1533884141,-0.7092416756,-1.2338404963
380,0.3515745513,0.2112214661,-0.7016441542,0.5527189653,0.6787686358,-0.0481034246,0.5397854591,-2.0819652108,0.8492182634,1.1163648247,0.6404128831,-0.1110948479,-0.4092202969,-1.2364625630
381,0.3919251821,-0.1815078512,-0.5861605678,0.7677309821,0.5736528692,0.5794381531,0.4051491118,-1.7900438852,0.2317411880,0.7090587458,0.8434483532,-0.3633963378,0.3103132418,-1.4994240030
382,0.3489909048,-0.8160186624,-0.8275074774,0.7991855342,0.6377195552,0.7301889545,0.9467458088,-1.9531537822,0.4828400693,0.5187652163,0.5524501751,0.0715956666,0.0128221325,-1.1556331905
383,0.2976986026,-1.1410567375,-0.0674776490,0.3159019698,0.4955332102,0.9044918184,-0.4319404753,-1.2844210170,1.2089688804,0.5228808940,0.3483404622,0.2923041727,-0.4660360251,-0.6974895039
384,0.4102391094,-0.5322099225,-0.3595439360,0.9589758364,0.7065970323,0.3966884433,-0.0255519053,-1.8239344135,0.6789788653,1.1835798533,0.6547118728,0.5057561029,-0.6487793537,-1.6952684753
385,0.5448709827,-1.0917420168,-0.5647292288,0.9236744429,1.2908850494,0.5075866050,-0.3149187379,-1.7630224536,1.0122663399,0.9822420199,0.4344067951,0.7177216886,-0.4555804561,-1.6787900475
386,0.3497327315,-1.0540838822,-0.3613002909,1.1949119983,0.4056541254,0.5715252811,0.0760327143,-1.8563631500,1.0236232041,0.9342991782,0.0012246484,0.6056499807,-0.4148378069,-1.1263360004
387,0.3143314401,-0.5455446718,-0.3266408667,0.9009270897,0.6653005894,0.4980507273,0.0558815353,-1.9399051570,0.6919307538,0.9477392410,0.2179668316,0.2230024852,0.0967140009,-1.4854225587
388,0.3267651732,-1.1116088294,-0.5701439087,0.7243407330,0.6201954925,0.4623553266,0.4813289781,-1.8752071505,1.2687393585,0.7061793435,0.2700415904,-0.0255696929,-0.4522426328,-0.4984086083
389,0.3229216707,-0.6089645888,-0.1668630735,1.3471979190,-0.0825416537,0.2049214643,-0.4681965752,-1.0565416049,0.8309881129,0.6147623192,0.7070989110,-0.2006026429,0.1330251846,-1.2542837720
390,0.4823408062,-1.0487755112,-0.6466704391,0.5915457324,1.1221437971,0.9711098767,0.4648132709,-1.8857069435,0.4315402167,1.1065868636,0.7231794726,-0.1086057534,-0.5165197162,-1.2046408666
391,0.2252691783,-0.5554299810,0.1472499189,0.7132304733,0.3426942530,0.6615705979,-0.0631714623,-1.8403483254,0.5942045256,0.5351286313,0.1269892867,0.2448480853,-0.1095730608,-0.7973929425
392,0.3912368211,-0.5437352265,-0.3798133991,0.6055587592,0.3138933335,0.6767536424,0.6707111003,-1.9049176327,0.5615494230,1.3122632667,0.7483099662,-0.3082237138,-0.6179102725,-1.1344392466
393,0.2623460208,-0.6846869704,-0.8282807758,0.7929085355,0.5901852091,-0.0368511338,0.8252016527,-1.3292720290,0.6707955116,0.5593704507,0.7225229608,0.2224238904,-0.5050406077,-0.9992766941
394,0.3081496947,-0.5827340938,0.2244228779,0.3215626824,0.4570679810,0.9381094317,-0.1487263714,-2.0088528066,0.7991502988,0.6596907775,0.1543391292,0.6495367091,-0.1509785850,-1.3125880308
395,0.4506002595,-1.0890315540,-0.6254627830,1.0857642269,0.6196967762,0.2822031541,0.5182371393,-1.8910145932,1.0996076337,1.0875921474,0.6988032855,-0.0109576727,-0.4282418147,-1.3471959454
396,0.3318684958,-1.1806427530,0.0152990997,0.8689010605,0.5491625404,0.0112001712,-0.0743507501,-1.0678521609,0.8782827920,0.8991212499,0.9060355619,-0.3950681546,-0.1316180003,-1.2784706570
397,0.4501280019,-0.6185980616,-0.3341538069,1.3990203376,0.7242354347,0.5323118179,-0.3967127228,-1.7021145094,0.3960115105,1.1003273305,0.5304912282,0.2113931491,-0.0625663182,-1.7796453895
398,0.4733741072,-1.1378917612,-0.6193359844,0.6157038103,1.3722914299,-0.0103803321,0.0176093366,-1.2896306369,1.0516341378,1.2922759624,0.6267323802,0.0442306198,-0.4911877013,-1.4720512611
399,0.5507952160,-0.9945740628,-0.2159783897,0.6450457824,1.0011075253,0.2841998147,-0.4416168466,-1.8013455544,1.5231617312,1.1852518103,0.2568883162,0.5677997365,-0.4147261103,-1.5952137526
400,0.4186137134,-0.6290117908,-0.5492619686,0.6803649820,0.6573478022,1.4101631322,0.0923776229,-1.9853465250,0.3233667451,0.8812669479,0.5637446681,0.1119817635,-0.3764462403,-1.1805471392
401,0.3500395196,-0.6277038724,-0.7202054945,0.5481152372,0.7693307144,0.6605701083,0.4791204058,-2.0655003682,0.9562732694,0.7422538976,0.5477161090,0.2278162959,0.0414824342,-1.5592687367
402,0.3272444301,-0.7166283008,-0.5761681904,0.6170892163,0.0608658631,0.9823683764,0.0973520130,-1.4501851614,0.9853061840,1.1816271186,0.5517214665,-0.3345034075,-0.4801197580,-0.9187254196
403,0.4434915105,-0.8975018209,-0.2887761503,0.9221657248,0.6711968506,0.5950460270,0.0329393139,-1.9063082959,0.8712383508,1.2947803949,0.1901992349,-0.1242231123,0.1497866634,-1.5105431810
404,0.3109665053,-1.0911793948,-0.7408405159,0.4990699107,0.5595360677,0.3138585133,1.0561058328,-1.1619173559,0.5653669422,0.5508301551,0.6911284251,-0.2040212279,0.1088944092,-1.1468317614
405,0.3207570306,-0.2833770697,-0.6308650372,0.7698010421,0.3768097558,0.2464783315,0.0072338521,-1.3709327054,0.8848518309,1.3491509329,0.1883041657,0.1694713972,-0.1189525361,-1.5879739596
406,0.3793134950,-1.0680654725,-0.1422600014,0.3542131644,0.7191091598,0.1694341646,0.0616105175,-1.2757059758,1.1816644433,1.1611668378,0.6928826037,0.2369231569,-0.6005716898,-1.4904009086
407,0.3355987365,-0.5923729382,-0.5931404490,1.0902261112,0.2965080983,0.6701550183,0.0480925294,-1.8065146776,0.8870463076,0.4737661266,0.9332560241,-0.1331132840,-0.4465811199,-0.8273277468
408,0.3573175389,-1.0568532360,0.1969599521,0.5483288831,-0.0574571091,1.2573763864,0.0067265392,-1.7851925742,0.8901111586,0.2658611987,0.5710556441,0.0603315108,0.0691038730,-0.9663522266
409,0.3442068241,-0.2064464643,-0.1536208637,0.7987950220,0.1910908834,0.5985778813,-0.3507736579,-1.8911838916,1.0135610907,0.7343494120,0.7353730248,-0.0943003977,0.0819320061,-1.4573540452
410,0.4754709919,-1.0488016727,-0.5020764503,0.7983780194,0.6733629251,0.6374671679,-0.2410016675,-1.9420816904,1.6247533686,0.8000644454,0.4071243598,0.2790088074,-0.1790352918,-1.3071623208
411,0.2144900487,-0.7061898390,-0.1198145439,0.7469975616,0.4509437803,0.5809074625,-0.4415318540,-0.7200410889,0.2087285212,0.5202390187,-0.0556840503,0.0524944041,0.3676036975,-0.8846530701
412,0.5296601850,-0.6858709772,-0.3098315073,1.0354474921,0.2893742933,0.2272508769,-0.0648297055,-1.9434203346,1.4518798624,1.4261263353,0.0580669643,0.4431605055,-0.3209652631,-1.6063885420
413,0.3468240058,-1.0111551355,-0.1736766601,0.7290155970,0.6221848464,0.5453669927,0.1168783462,-1.7596649904,0.9310510036,0.5946594408,0.8906214799,0.2605811173,-0.6634889272,-1.0823731107
414,0.2810102037,-0.7164012467,-0.3120173022,0.9224300642,0.3653661986,0.4155287302,0.3943202425,-2.0514516985,0.9822250119,0.9916433685,0.1218564712,0.1893598777,-0.0734268372,-1.2294328801
415,0.3404499772,-0.6033330163,-0.4821938424,0.5222702373,0.5972598089,0.5417786582,-0.0826258655,-1.3366711730,0.8435151929,1.1274903450,0.6996813137,-0.3848681277,0.1497476382,-1.5920511692
416,0.3849272658,-0.8407384804,-0.5525010462,0.9720717925,0.4276124419,0.2124245385,-0.2916516768,-1.3373570738,1.4101395043,1.2070364988,0.5385261522,0.1581119733,-0.4223891345,-1.4812854898
417,0.3429376957,-0.2555640625,-0.1625586738,0.5257051626,0.0953314045,0.3664849777,-0.0889841757,-1.9829678039,1.5025531711,0.9652096271,0.2528307824,0.1774744867,-0.2329688448,-1.1625460514
418,0.4750527420,-0.7363184772,-0.2873865378,0.3587355820,0.2018649536,0.8631881797,0.2133745375,-1.8054993476,1.1920411098,0.7330391123,1.1396979878,-0.4480352255,-0.1796535066,-1.2450483680
419,0.3032509678,-0.5261656683,0.0504366541,1.0242191163,0.0100900593,0.1766491639,-0.0025161573,-1.6327535310,0.9000403631,0.8749537621,0.3581524274,0.3580799776,-0.3249151925,-1.2662709746
420,0.3575654834,-0.9853313373,-0.3059562998,1.2617557229,0.3562262405,0.2216846446,0.3069186457,-1.2135799541,0.3582823375,0.7941597562,0.7505416251,0.3312550019,-0.3225499358,-1.5534064473
421,0.3380532155,-0.7439174035,0.4121263289,0.4000149463,0.2062310552,0.0064668177,0.1128683414,-1.1662750610,0.7724849750,0.4999545418,0.9300152350,0.6338604324,-0.4151531650,-1.6486770441
422,0.3584537387,-0.6967659303,-0.4308401679,0.3414219703,0.5202274354,1.1989447479,0.0500923254,-2.0452230970,1.0621427163,0.9616112283,0.1779135361,0.0196529100,-0.4624761648,-0.6967015096
423,0.3899765777,-0.6420320634,-0.2488841411,0.8790291647,0.6218387943,0.4078014806,-0.4683688952,-1.3190068442,0.7696225043,1.4157096260,0.3362201868,0.4458422142,-0.5882838989,-1.6094881281
424,0.3581923581,-1.0602919766,-0.1203339620,0.7129821202,0.6934039899,0.4018453775,0.8251231971,-1.8510825589,0.3983538128,1.1075810237,0.4620687713,-0.5196912470,-0.6036449925,-0.4463135554
425,0.3779311606,-1.0874460511,0.0565787962,0.7733703856,0.3401015918,0.3191439601,-0.0602397231,-1.2332631989,0.8917542395,1.2664224119,0.6404785957,-0.1248806472,-0.2657466488,-1.5162737115
426,0.3918476243,-1.0402361593,0.4677417243,0.5560058682,0.5916938287,0.1478851817,-0.2545494101,-1.6668213989,1.1982803655,0.5908893810,0.8859154585,0.1213482179,-0.6969301395,-0.9012229179
427,0.2953519403,-1.0002275137,0.3948467964,0.5546938288,0.6276793772,0.2457528044,0.0419415689,-1.8373520344,0.9726651725,0.2548457773,0.3796641426,0.5290468988,-0.0102917869,-1.1532650318
428,0.4404729500,-1.1163822106,-0.2054498562,0.4965707265,0.1680793608,0.7897122199,0.3534504877,-1.9581764234,1.4721956953,1.0982196322,0.0336541197,0.1257980011,-0.1229703670,-1.1347013859
429,0.3869587859,-1.0393564797,-0.4325604304,0.7509345519,0.4506323710,0.9180424859,0.7612719481,-1.8880591220,0.4790946751,1.1361397731,0.3616283297,0.1188818254,-0.4413697033,-1.1752802248
430,0.2701792500,-0.7651831261,0.1981410977,0.7789690091,0.2001440391,0.0400228122,-0.3962611690,-1.2265954343,1.1707627714,-0.0437937273,0.6266963820,-0.0953210357,0.2869417435,-0.7745233624
431,0.4268424858,-1.0392960140,-0.6783859439,0.8563749106,1.0606912838,0.0344240957,0.4060487717,-1.8189461802,1.1790890763,0.9030821358,0.6500997490,0.2341269730,-0.4543428360,-1.3329660218
432,0.4381440246,-1.0899749379,-0.0745089710,0.5362431812,0.3967070875,0.6295215595,-0.2810014090,-1.9889348533,1.8719483430,0.7983243355,0.3323532934,-0.0550590157,-0.3002825702,-0.7753360429
433,0.3030620571,-0.2473528804,-0.2447901603,1.0129155478,-0.0885196013,0.2249773629,0.0318811021,-1.2287774318,0.5396660609,1.0751063850,0.6543243061,-0.0915983954,-0.1089943583,-1.5288379374
434,0.2571715470,-0.4408992968,-0.2729262507,0.2598443594,-0.1894080177,0.1776088822,0.3127295250,-0.5880467849,0.7410975834,0.3800064008,1.1542063637,0.0403283776,-0.3441825910,-1.2303585512
435,0.4250600630,-1.0741689878,0.1437196520,0.5404458698,0.9041615790,0.4641771099,-0.1251694528,-1.8991707253,1.0460049552,1.3659174994,-0.1399575231,0.4846630502,-0.4740600984,-1.2365629280
436,0.4750818143,-1.0719772192,-0.5497089301,0.4047142943,1.1949623130,1.1638148444,-0.1798388271,-1.9820562370,1.0200897616,1.0083328372,0.2909650781,-0.0501556170,-0.1413594378,-1.1077828605
437,0.2803556682,-1.1056645556,-0.7726989576,0.6979358757,0.9584619197,0.3328780147,0.5425213428,-1.3411202261,0.6876865865,0.7393302092,0.4027179784,0.4508632902,-0.5457483699,-1.0471631079
438,0.4209961864,-0.9403329574,-0.2708431157,1.0017381815,0.4272249526,0.6156066855,-0.0764616549,-1.7814502882,1.0245181966,1.0870425907,0.7503671554,-0.0761692093,-0.2072784774,-1.5539620595
439,0.3129920149,-1.0295840803,0.2454500931,1.2483531734,0.2764273122,0.1991600974,-0.4788885718,-1.0323032742,0.5713852502,0.3083188127,0.4335815008,0.5473384513,-0.1104397107,-1.1787990541
440,0.3504138055,-1.1298944886,-0.6369269957,0.3292146943,0.9676834315,0.0279417078,0.7236193254,-1.4946076563,1.2129699815,0.8831952950,0.4619898081,-0.0482391156,-0.8225263731,-0.4744196144
441,0.3019572822,-0.6091731393,0.5212632012,0.7381411845,0.3200216517,0.3543979737,-0.4986635982,-1.6706771966,0.8446899230,0.5903356187,0.6208849877,-0.2284389447,0.1358246051,-1.1186062668
442,0.4135175269,-0.9235949580,0.6451533464,0.8403157957,0.9485040241,-0.0437344473,-0.1052588628,-1.6478164345,0.2864315365,0.7837622696,0.4217378995,0.2523307818,0.1370569319,-1.5948878827
443,0.2858452840,-0.5512563579,-0.2425032977,0.7467539388,0.2921966308,0.4397335710,0.6179015245,-1.8142448578,0.5114188482,0.4615165401,0.5030358602,-0.2572137768,0.4009804579,-1.1083190814
444,0.2530192810,-0.5988073658,-0.1839900626,0.5785001612,0.1123914202,0.7485669825,0.3271831970,-1.9258426727,0.9419983402,0.4068706782,0.6376902710,-0.2974131531,-0.1201919355,-0.6269558606
445,0.3188664604,-1.0511967414,0.1372614933,0.3033560134,0.4211620427,0.4596117728,-0.1426015304,-0.5612814071,0.4336883566,0.5270998398,1.1453538740,0.1528003446,-0.3108543525,-1.5143997059
446,0.4459769539,-0.6233474658,-0.7322096071,1.1062166890,0.8133742765,0.1119694988,0.0666776561,-1.9617247789,1.2190437315,0.8296780351,0.0332501374,0.5581798953,0.2577277770,-1.6788358448
447,0.5654452661,-0.9397311984,-0.6548242338,0.9778434892,1.0221097738,0.2044019904,0.1353011870,-1.8200623071,1.0749612987,1.2187120221,0.7063627704,0.4151948524,-0.6784746103,-1.6617950347
448,0.3112767193,-1.0145768543,0.1768480788,0.8333955920,-0.0602706878,0.7531860399,-0.1973282852,-1.0551103494,0.5638564660,0.5911683537,0.6585692093,0.3120718671,-0.0957828456,-1.4660265844
449,0.4408953293,-0.6107434221,-0.5468650428,0.3984593270,0.7142511997,0.3695115102,-0.0757283211,-1.9912251748,1.7423399239,0.8126070409,0.5435198366,0.0950871620,-0.1543570586,-1.2968569809
450,0.4168457045,-0.3200928320,-0.7541048408,0.6465107406,0.8544423086,0.0696466081,0.1085088028,-1.9074914046,1.3025806172,1.1255054182,0.6056321037,0.2303521042,-0.2476642211,-1.7138254050
451,0.5085486318,-0.9877563955,-0.3577489321,1.2595705783,0.3359419803,0.5650442789,-0.2061270867,-1.8258119528,1.2168875296,1.1549125271,0.4581548285,0.3071166016,-0.2967413389,-1.6234426184
452,0.2923616197,-0.7616568633,0.1844156250,0.3199317041,0.0201293264,0.9980551488,-0.1409963187,-1.1909540486,0.5710754263,0.6214033693,0.9560278401,-0.5229441718,-0.0569784920,-0.9975085456
453,0.4179778880,-1.0506547191,-0.2292117508,0.5987695282,0.3998263490,0.7088304801,0.2945427293,-1.9513074251,1.2292048084,0.9287010988,0.1026836812,0.6676007625,-0.2007620643,-1.4982234781
454,0.2963454327,-0.6827168690,-0.1266157022,0.8691338335,0.5279378150,0.0869229820,-0.0640516323,-1.8739765281,1.2633661011,0.6410076356,0.2091325581,0.3586239098,0.0189479588,-1.2277120622
455,0.4483711264,-1.2586338356,-0.2860784112,1.0041938021,0.7752377071,0.0341749562,-0.0717520441,-1.7772474804,1.5801053060,0.9410370269,0.4004236960,0.5112433604,-0.4830929988,-1.3696110846
456,0.4257208412,-1.0678029028,-0.5900698432,0.8855338689,1.5024843192,0.6095904503,0.1552305108,-1.9093128991,0.4143464960,0.6169526633,0.2644712833,0.5025660893,-0.0925202636,-1.2914697724
457,0.3906760372,-0.6959327259,-0.6392785262,1.3235536165,0.4266715777,0.3425828029,0.0381970278,-1.7193018102,0.9235080374,0.6671972608,0.9228100587,-0.2480691390,-0.2470124397,-1.0949257408
458,0.3047001030,-0.5611289236,-0.0141871843,0.7033037015,0.6242156112,0.2834831194,0.4491792954,-1.8013341806,0.3164685610,1.0400231533,0.6151485251,-0.1970171395,-0.3791113222,-1.0790432167
459,0.3258097684,-1.1676438691,-0.2240945906,0.9043770937,1.0716747234,0.4409550715,-0.2732143121,-1.8636984336,1.1116443168,0.4082176485,0.3327649581,0.4750108981,-0.2857924435,-0.9302010612
460,0.3814396945,-0.9979578084,-0.7178101821,0.9215591717,0.3299254397,0.3944458082,0.7824769553,-1.9507714938,1.2381321092,0.9833506978,0.1613860369,-0.1188912802,-0.2813888032,-0.7444566513
461,0.3172685740,-1.0615067263,-0.2807813491,0.5374218864,0.8540734756,0.3544360969,0.4261693505,-1.7877013752,0.9578886412,0.8260501031,0.6229153730,-0.2930226872,-0.4319431033,-0.7239996856
462,0.4382553463,-0.6134916559,-0.6450409319,0.3870015310,0.9264821254,-0.0355330290,0.3605022555,-1.9595865004,1.5796662052,1.1164970698,0.3278908885,-0.0594570688,-0.1793055074,-1.2056253821
463,0.3998083513,-0.3560050130,-0.2928843076,0.2702516695,0.5137346524,0.4054742808,0.2071204680,-1.9818760807,1.2341843307,1.1478972329,0.7564702835,0.1759248578,-0.5030497909,-1.5772425833
464,0.4795108218,-0.6117496733,-0.2827363496,1.1053482477,0.9519457459,-0.0852387877,-0.0618954912,-1.6706512984,0.6549776065,1.1292239806,0.9011971980,0.1932243477,-0.5790273621,-1.6446181642
465,0.4620473126,-0.6870151552,-0.4516011093,1.1083185399,0.4595218670,0.4030948835,0.0411741216,-1.8329280495,0.9594349021,1.2975517876,0.5543635621,0.2816410028,-0.5355540602,-1.5980022923
466,0.3143550955,-0.5481659776,0.0185938834,0.2590818891,0.3462149868,0.9208934378,0.3481607878,-1.9994143475,0.6546353403,0.9701473179,0.1242620896,0.4229230882,-0.3251319703,-1.1922005255
467,0.3105810629,-0.3532457375,-0.3079253297,0.5268477222,0.1904588991,0.2300252687,0.4428223878,-1.3128395947,0.5838563841,1.0461895833,0.9872044322,0.0031186286,-0.5087651051,-1.5277475390
468,0.5023923722,-0.9908190530,-0.5496072975,1.1499246851,1.2068973168,-0.0930541182,-0.1349170264,-1.8581797898,1.2697552831,1.1978496358,0.1897951730,0.4322548149,-0.4472414839,-1.3726581397
469,0.4403370923,-0.7000297672,-0.7599014135,0.5596783312,0.1272694057,0.1162733469,0.6797617133,-1.3363632950,1.3133116787,1.4481832556,0.2875363860,0.2855957676,-0.4173259759,-1.6039894334
470,0.3004790153,-0.5636269869,-0.2352798741,0.4502645299,0.3207196057,-0.0142708303,0.6798118031,-1.8196617864,1.1820435391,0.3921171381,0.6556351799,0.0071513196,0.1604692380,-1.2153728756
471,0.3681206212,-1.2132453128,-0.6501741507,0.9024024928,0.6869017925,0.2114161753,-0.0218434746,-1.1795723489,1.2641148264,1.1169155196,0.6505893984,0.0101372578,-0.2022412968,-1.5754008790
472,0.3671432795,-0.2608866207,-0.2730282964,0.5302519088,0.3360361456,0.5344832871,0.3926627664,-1.8405139753,0.5809947844,1.1367081964,0.6502822310,0.3442558358,-0.4953491942,-1.6358970690
473,0.2798214903,-0.5884322840,-0.2054734265,0.8491558357,0.1102299066,0.9492466218,0.0314387981,-1.7463815817,0.6002161301,0.3064734429,0.5874801255,-0.0053369672,0.2109529555,-1.0995695567
474,0.3653364446,-0.7471211567,-0.6255899177,0.6618234637,0.7174884989,0.6779342912,-0.0152452643,-1.3301809292,0.6608910141,0.9245283320,0.6305242180,0.7138651480,-0.6516318862,-1.6172858118
475,0.3474204677,-1.0383675822,-0.2239260059,1.0850817633,0.4129800795,0.3505298186,-0.0054351957,-1.7664606694,1.1855977919,0.8147897050,0.4117780883,0.1898669947,-0.2579019814,-1.1585328066
476,0.3272887799,-0.1594386067,-0.1707519132,1.0050809194,0.5309470903,0.2639246742,-0.3247180722,-1.7414022489,0.5963581572,0.4104087580,0.5323368367,0.4186754700,0.2221787429,-1.5835998076
477,0.4449981575,-1.0953893942,0.2990195844,0.8528029860,1.1053287572,-0.0867670810,-0.5622800257,-1.1414351262,0.6287202995,1.0348510468,0.3717725768,0.8753812905,-0.5451873979,-1.7368175163
478,0.3256301617,-1.0923464922,-0.2685086633,0.8647110834,0.9292602589,0.3304049932,-0.5004584442,-1.2346358924,0.9715731566,1.0891480109,0.2824028079,0.1805792234,-0.2895565394,-1.2625735029
479,0.4509978287,-0.9832394954,-0.3667224335,0.2809989531,0.4540206611,0.4778319682,0.7741865288,-1.8871859693,1.2501097869,1.0486914017,0.6755188167,0.1387336896,-0.4102011996,-1.4527427084
480,0.3169368567,-0.1458928847,-0.3781460457,1.2326695937,-0.1572958756,0.4197917432,0.2745355775,-1.8578793426,0.6122172343,1.0553845841,0.3094832896,0.1033277891,-0.1187392115,-1.3494564512
481,0.3269045210,-0.6077465086,-0.2035749181,0.8215853665,0.1617099606,0.7035031921,-0.2713263400,-1.8158054323,1.2116546797,0.4949035701,0.8511701047,-0.2148321535,-0.4387128685,-0.6925286528
482,0.3227558072,-0.5705921763,-0.3914571688,0.9449286353,0.1383164501,0.0754099946,0.4108034500,-1.8517225593,1.2443133745,0.6984491458,0.5870005738,0.1019687085,-0.1954993368,-1.1919190913
483,0.3214603554,-0.6424209062,0.3849186894,0.4893017328,0.9007651089,0.3149244099,-0.0354846251,-1.7957605232,0.3837561134,1.0784833700,0.5691994154,-0.1255563281,-0.6755289242,-0.8465975331
484,0.3034144675,-1.1528701430,0.0906661140,0.8598664721,0.6771685388,-0.1160398889,-0.1968510566,-1.1262353110,0.9642952746,1.0818489261,0.1898459645,0.3327157570,-0.6839478529,-0.9204627947
485,0.2951066304,-0.5772651659,0.1098446879,0.4015640496,0.3945350511,0.5964526664,-0.1319119220,-1.7172711126,0.9240517456,0.6913122903,0.3702191912,0.3860240495,0.0750373000,-1.5225928310
486,0.4297461400,-1.0285006435,-0.2761771362,0.9223101492,0.3038602720,0.5529653009,0.0091930097,-1.7422929750,1.2586420228,1.1188927915,0.7072350863,0.1799332624,-0.6860753608,-1.3199857794
487,0.3326150303,-0.7577045986,0.4103635657,0.3226387161,0.7333964027,0.6171760987,-0.5918266504,-1.7822993692,1.0482558351,0.9771360920,0.3392460139,0.3918430218,-0.6995468491,-1.0086782786
488,0.3148743623,-1.0493291546,-0.3987523021,0.6667730157,0.3720937182,0.8641920777,0.5346347982,-1.9709285190,0.9813163660,0.6108388624,0.1908577172,0.2835556027,0.0924961467,-1.1777483290
489,0.5391418306,-1.0562898595,-0.6752670540,0.9822877675,1.0249679143,0.5197080269,0.1752038317,-1.6820661233,0.7114554963,0.9206016470,0.9657141370,0.4248609852,-0.6844054178,-1.6267713514
490,0.3108102535,-0.9751246834,-0.2185989686,0.8882252315,0.2003988698,0.6953163744,0.0936560275,-1.9391760672,1.2553032160,0.8273083554,0.2648911463,-0.2627699703,-0.1143966649,-0.7150328665
491,0.3313994162,-0.4843895518,-0.2232865251,1.0637447323,0.5116009624,0.0483639337,-0.5930658868,-1.3363058155,1.0133381509,0.9632162923,0.7243205327,0.4550743837,-0.7962924384,-1.3463187704
492,0.3586238477,-1.0141814638,-0.4623406769,0.5460229738,0.5982107125,0.1293375923,0.8175505598,-1.9104474345,1.2958477367,1.0732079373,0.3512732619,-0.1161854016,-0.4688632361,-0.8394325615
493,0.2977339189,-1.1550406248,-0.3431849171,0.2456917025,0.4293067482,0.5027315557,0.7543811967,-1.3316634213,0.8977777602,0.7501102172,0.4541467908,0.4849169933,-0.4101429016,-1.2790310997
494,0.3383933538,-1.1443535461,-0.2793832602,0.6318361755,0.7994543567,0.2852705918,-0.5128615535,-0.6310458761,0.8510831118,1.0684809880,0.3308004665,-0.0260520417,0.1966524222,-1.5698818350
495,0.4224031449,-1.0580591394,-0.0192136674,0.3306614488,0.3391294987,1.1383218821,-0.2703884704,-1.8767528883,1.4163013359,0.4844164804,0.6571140943,-0.2236326542,-0.2239881715,-0.6939097489
496,0.3028990196,-0.6492787628,0.4115009520,0.9955023654,0.5176725727,0.0554508731,-0.0651551555,-1.6320915797,0.3663987348,0.5553987978,0.8345364926,-0.1585504567,-0.4143816143,-0.8170032194
497,0.3861330301,-0.5877635438,-0.5063082047,0.8648110194,1.0062715181,0.5303409669,-0.0741652483,-1.8918249607,0.6586384532,0.7232047652,0.8235266865,-0.0014212658,0.1108740852,-1.6561842711
498,0.2683862141,-0.7631782661,-0.1604961639,0.4855975264,0.4821451993,0.4320568282,-0.0519750673,-1.3258898552,0.9017397986,0.5408125284,0.8252550543,0.5754100956,-0.5939221749,-1.3475555033
499,0.4420046044,-1.0873272666,-0.3291466195,0.9600019595,1.2665736841,0.2405635209,-0.3378708805,-1.3165463749,0.6037519771,1.3936063807,0.3493447530,0.2944650951,-0.2996028756,-1.7378133532
500,0.3193525047,-0.6625924735,0.0104927071,0.6654052792,0.4500921793,0.6401058531,0.1913891853,-1.9059818834,0.6110891529,0.7373390852,0.5610721802,0.5329005514,-0.2695569808,-1.5617548360
